"EXPERIMENT","EVENNESS_CONTROL","EXTRACTED_RESOURCES","MODEL","SPECIES","INTERACTIONS","COMPLEXITY","CLONES","GRIDS","RESOURCES","SITES","OBSTACLES","DIFFICULTY","CAPTURES_TOTAL","CAPTURES_BEST_CASE","CAPTURES_MEAN","TOT_FITNESS_MEAN","RATE_COMMUNICATION","RATE_MOTION","RES_E2C_STEPS_MEAN","NUM_DETECTORS","NUM_EXTRACTORS","NUM_TRANSPORTERS","SIGNAL_SENT","SIGNAL_RECEIVED"
1,"d","f","a","s","b",3,4,625,93,12,78,"r",6366.63545150502,0.325026072571655,0.133707896680692,212.262228,1127.67614660535,7393.86533850167,871.651527176871,6.85953177257525,7.57859531772575,8.29765886287625,257192.789297659,111120.682274247
2,"d","f","a","s","b",3,4,225,11,4,28,"d",242.719063545151,0.313773183338401,0.0430963870477349,36.4372769966555,364.943065033445,2636.81220563545,383.849339884477,8.50501672240803,6.70234113712375,8.00334448160535,78074.7558528428,35132.635451505
3,"d","f","a","s","b",3,4,625,31,12,78,"d",295.056856187291,0.144675801057288,0.0185897569317078,8.8348737458194,1460.99389852174,10397.6692159565,1115.33136773118,8.09030100334448,6.67224080267559,8.29096989966555,321197.337792642,175225.769230769
4,"d","f","a","s","b",3,4,225,11,4,28,"r",1457.79598662207,0.717239282456674,0.258841574338705,19.5144182876254,469.179197150502,3460.80771143813,321.147577473868,6.74581939799331,8.67892976588629,7.33779264214047,117094.715719064,51700.0769230769
5,"d","f","a","s","b",3,4,225,11,4,28,"r",1422.08026755853,0.734569778048039,0.252500005168744,25.4833711103679,414.184592742475,3814.7273851204,331.146934410959,7.97324414715719,7.25083612040134,7.0133779264214,106870.538461538,47613.0301003345
6,"d","f","a","s","b",3,4,225,33,4,28,"r",2502.00668896321,0.351880004053917,0.148082768419986,44.317412187291,500.501194939799,3887.26618633445,347.732716562069,7.50501672240803,8.06354515050167,7.74247491638796,118651.294314381,44669.6287625418
7,"d","f","a","s","b",3,4,225,33,4,28,"d",2,0.0286814634640722,0.000118364649842911,62.8537436555184,475.085238110368,2172.39373389967,457.117616522613,9.14715719063545,6.45819397993311,7.55852842809365,90131.8227424749,47940.5317725753
8,"d","f","a","s","b",3,4,225,33,4,28,"d",6.87290969899666,0.0411472585385629,0.00040676730515861,28.1699881471572,461.857774200669,3440.05985404682,414.188124506329,9.03344481605351,7.46488294314381,6.85284280936455,89024.9130434783,37125.5919732441
9,"d","f","a","s","b",3,4,625,31,12,78,"d",2880.53177257525,0.534469737835797,0.181485104757795,43.0828787759197,970.152859331104,9483.93348227425,903.895601727612,7.46153846153846,9.61204013377926,6.41137123745819,271543.086956522,96271.1638795987
10,"d","f","a","s","b",3,4,225,11,4,28,"r",592.404682274248,0.411675281240499,0.105185450592885,28.1457292876254,215.146503538462,3529.32509361873,366.966046045139,8.58528428093645,6.98996655518395,7.67224080267559,42780.8461538462,20409.3110367893
11,"d","f","a","s","b",3,4,225,11,4,28,"d",12.7357859531773,0.100942535725144,0.00226130100334448,13.7738291270903,387.570991397993,3437.53537793646,449.982631378641,9.16387959866221,6.60869565217391,7.21739130434783,93710.2742474916,29865.4180602007
12,"d","f","a","s","b",3,4,625,31,12,78,"d",39.0200668896321,0.0668896321070234,0.00245840835041536,45.657579361204,1805.88089158528,11549.3538287157,1242.92205767669,8.14715719063545,7.8628762541806,7.29096989966555,261306.91638796,164240.133779264
13,"d","f","a","s","b",3,4,225,33,4,28,"r",65.9799331103679,0.0805716023107328,0.00390504854565724,81.1084430769231,681.417850732441,2850.75643376589,375.273091182759,8.46153846153846,7.25752508361204,7.24414715719064,109112.602006689,49856.1170568562
14,"d","f","a","s","b",3,4,625,31,12,78,"d",2960.90635451505,0.513108210162909,0.186549025461215,93.4468688361204,1360.73551767559,9243.71528096321,1082.03322022878,7.7056856187291,7.75250836120401,8.04013377926421,368516.294314381,117861.080267559
15,"d","f","a","s","b",3,4,225,33,4,28,"r",182.585284280936,0.105908584169454,0.0108064065065369,49.7084500735786,406.650135444816,3240.56532795987,357.098563044521,9.55518394648829,6.42809364548495,7.20066889632107,83942.6387959866,34525.6254180602
16,"d","f","a","s","b",3,4,225,11,4,28,"d",27.4347826086957,0.139252052295531,0.00487119641228337,13.7222961404682,184.942548926421,3988.41773314381,537.849426168539,8.75250836120401,7.11705685618729,7.16722408026756,44878.5217391304,14933.5418060201
17,"d","f","a","s","b",3,4,225,33,4,28,"d",0.404682274247492,0.00942535725144421,2.39498327759197e-05,59.7293241571906,378.657262036789,2411.86345717057,543.422939032258,9.05351170568562,6.89297658862876,7.08026755852843,72173.745819398,37848.9464882943
18,"d","f","a","s","b",3,4,625,31,12,78,"r",4561.09364548495,0.660373287301759,0.287367275002697,70.6550203779264,1129.20848748829,9573.59491880602,824.871522887372,7.37123745819398,8.92642140468227,6.63879598662207,246702.050167224,117895.277591973
19,"d","f","a","s","b",3,4,625,31,12,78,"r",4170.44147157191,0.682058474484842,0.262754613118999,132.363255956522,824.208422180602,10277.0796400368,743.450526619863,7.7190635451505,8.60200668896321,6.57190635451505,234483.722408027,85145.7959866221
20,"d","f","a","s","b",3,4,625,31,12,78,"r",5942.5618729097,0.738159456252023,0.374405344050059,18.9747681705686,927.055529722408,13065.6608547625,814.586494079038,6.14715719063545,10.3678929765886,7.07357859531773,210720.461538462,105925.304347826
21,"d","f","a","s","b",3,4,625,31,12,78,"d",1183.58528428094,0.260006473190204,0.0745706328622289,35.7352549966555,1195.80406651839,9076.20377774582,1113.38081271837,7.46153846153846,8.48494983277592,7.5685618729097,263107.545150502,119175.745819398
22,"d","f","a","s","b",3,4,225,11,4,28,"r",1158.17725752508,0.678929765886288,0.205642227728793,3.05704610367893,364.971806625418,3869.52004683612,282.516736944444,5.8428093645485,7.47491638795987,7.10367892976589,100349.016722408,39717.5384615385
23,"d","f","a","s","b",3,4,625,31,12,78,"r",4416.86287625418,0.631567590894379,0.278280155140792,103.108123695652,1282.86747446488,10171.0110520134,869.937676172414,6.25083612040134,9.96655518394649,7.03344481605351,291450.973244147,127819.772575251
24,"d","f","a","s","b",3,4,225,11,4,28,"r",1293.73913043478,0.707509881422925,0.229712161447248,14.1219927826087,383.893165585284,3871.79974219064,323.167170041522,6.50501672240803,8.95652173913044,6.68561872909699,96251.9899665552,38834.983277592
25,"d","f","a","s","b",3,4,225,33,4,28,"d",3.03010033444816,0.0289855072463768,0.000179329684807946,91.3214644080268,233.065700351171,2099.8676312408,550.106248563025,8.13377926421405,7.37123745819398,7.75250836120401,40416.4581939799,21761.2173913043
26,"d","f","a","s","b",3,4,625,31,12,78,"d",1360.57190635452,0.317186319991369,0.0857215040457439,54.9635210434783,936.887358464883,8055.98420473244,1131.90485188973,7.26755852842809,7.70234113712375,8.5819397993311,193523.765886288,107748.224080268
27,"d","f","a","s","b",3,4,625,31,12,78,"r",5063.28428093645,0.712482468443198,0.31900731038947,95.4613057324415,1586.81820868896,9961.42441558194,775.916791010309,7.18060200668896,7.62541806020067,8.10367892976589,426726.063545151,163475.752508361
28,"d","f","a","s","b",3,4,225,33,4,28,"r",66.1070234113712,0.0772271207053816,0.00391257018343975,59.0057842508361,304.051754140468,2440.45251708696,379.481136862069,9.16722408026756,7.03010033444816,6.69230769230769,77975.9431438127,26403.3377926421
29,"d","f","a","s","b",3,4,625,31,12,78,"d",120.083612040134,0.116301650663502,0.00756573783579674,113.763238287625,1052.11904874247,7329.63511791973,1142.81847264727,8.22408026755853,7.5685618729097,7.75250836120401,243018.822742475,109852.909698997
30,"d","f","a","s","b",3,4,225,11,4,28,"d",241.695652173913,0.300091213134691,0.0429146710246275,33.2853572842809,686.296593658863,3851.68197334448,477.502145269663,7.58862876254181,6.95986622073579,8.94983277591973,127008.297658863,48079.1839464883
31,"d","f","a","s","b",3,4,225,11,4,28,"r",1488.61204013378,0.687442991790818,0.264313176345394,4.27480506354515,426.698055575251,4129.35500453177,324.728817393103,6.70903010033445,8,7.66220735785953,115676.434782609,41068.4581939799
32,"d","f","a","s","b",3,4,625,31,12,78,"r",3566.01003344482,0.607401014133132,0.22467299568454,169.383189772575,1044.13136842809,7750.66097234783,905.222418860068,7.78260869565217,7.62876254180602,7.39799331103679,282595.267558528,116886.43812709
33,"d","f","a","s","b",3,4,225,11,4,28,"d",37.0468227424749,0.142292490118577,0.00657787990270599,2.6836601638796,60.521268367893,3342.20593994314,399.410779869732,8.72909698996656,6.56521739130435,7.04013377926421,18027.6321070234,6270.3779264214
34,"d","f","a","s","b",3,4,225,33,4,28,"r",323.307692307692,0.13114421810074,0.0191351473598865,64.4738475217391,415.933443053512,2509.36042623746,361.143975952055,8.78595317725753,6.63210702341137,7.4314381270903,107491.217391304,40623.1806020067
35,"d","f","a","s","b",3,4,225,11,4,28,"d",39.1137123745819,0.189419276375798,0.00694487169352387,26.4366921204013,431.80530761204,2869.49888906354,508.292641918605,8.99665551839465,6.98327759197324,7.41471571906354,140780.454849498,39236.8795986622
36,"d","f","a","s","b",3,4,225,11,4,28,"d",71.257525083612,0.193067801763454,0.0126522189115233,20.6276916187291,360.789767535117,2630.26349507358,508.769919763441,8.73578595317726,7.16722408026756,7.34113712374582,92141.6655518395,36714.5986622074
37,"d","f","a","s","b",3,4,625,31,12,78,"r",5472.07357859532,0.78012730607401,0.344762684863524,62.6191703812709,1437.60056919064,11549.4819119298,643.707309893471,7.47826086956522,8.52842809364548,6.51505016722408,364858.668896321,157780.658862876
38,"d","f","a","s","b",3,4,225,33,4,28,"d",0.655518394648829,0.0109455761629675,3.87949731427992e-05,9.92121375250836,561.774736983278,2918.17938005351,411.326761095238,9.12709030100334,7.1438127090301,6.93311036789298,115070.722408027,64493.474916388
39,"d","f","a","s","b",3,4,225,33,4,28,"d",0.217391304347826,0.00445930880713489,1.28656126482213e-05,95.5940584046823,452.889344240803,2347.08909863545,523.86041665,9.90301003344482,7.13377926421405,6.50167224080268,103822.334448161,41751.0200668896
40,"d","f","a","s","b",3,4,625,31,12,78,"r",3643.4381270903,0.625525946704067,0.229551277268314,54.5223718093646,1847.91987572575,11126.0245736555,699.54976557483,6.33444816053512,8.82274247491639,7.1505016722408,349306.033444816,152063.110367893
41,"d","f","a","s","b",3,4,225,33,4,28,"d",4.70234113712375,0.0263504611330698,0.000278301408736191,58.6095990936455,448.314211006689,3659.34279584281,498.276262136364,9.00334448160535,7.24414715719064,6.76254180602007,83059.9030100334,39610.1137123746
42,"d","f","a","s","b",3,4,225,33,4,28,"d",0.0668896321070234,0.00182426269382791,3.95865004560657e-06,45.0989545919732,357.899305842809,2542.39824109365,476.527777777778,8.53177257525084,6.99665551839465,7.54515050167224,76694.8662207358,40511.3110367893
43,"d","f","a","s","b",3,4,225,11,4,28,"r",1169.47491638796,0.536029188203101,0.207648202797203,16.4859354414716,438.090816618729,4021.08911171572,330.002272373702,7.58862876254181,8.46488294314381,7.17391304347826,101355.050167224,34133.0367892977
44,"d","f","a","s","b",3,4,225,33,4,28,"r",365.642140468227,0.134590047633526,0.0216407373061721,70.9176729498328,456.517257615385,2430.90604704348,378.757399373288,7.35117056856187,6.95317725752508,8.50501672240803,74752.2775919732,42375.2107023411
45,"d","f","a","s","b",3,4,225,11,4,28,"d",3.46822742474916,0.0650653694131955,0.000615787777439951,2.46687019063545,38.6103086655518,3889.90372158528,495.118855924731,8.70234113712375,6.98327759197324,7.19732441471572,11924.7859531773,3462.26755852843
46,"d","f","a","s","b",3,4,225,11,4,28,"r",1536.10367892977,0.778960170264518,0.272745640316206,11.5814196354515,465.391166735786,4475.09114322408,301.142172975862,7.74247491638796,8.77591973244147,6.34448160535117,131268.45819398,39391.7658862876
47,"d","f","a","s","b",3,4,625,31,12,78,"r",5906.7525083612,0.835149422807207,0.372149210162909,134.405202220736,1564.86588061538,11187.1397753278,718.079429199313,6.79264214046823,8.77926421404682,7.08695652173913,294032.862876254,168648.441471572
48,"d","f","a","s","b",3,4,225,33,4,28,"r",69.4214046822742,0.106719367588933,0.00410873406303841,57.2833726120401,414.019935809365,2793.98168980602,359.045994013699,7.61538461538461,7.80936454849498,7.21404682274247,67469.4581939799,32090.6856187291
49,"d","f","a","s","b",3,4,225,33,4,28,"d",2.98996655518395,0.0302016823755954,0.000176953582649235,58.6620335785953,576.1501550301,3068.91913757525,509.623934504348,9.19063545150502,7.03010033444816,7.03010033444816,114624.441471572,54524.72909699
50,"d","f","a","s","b",3,4,625,31,12,78,"d",4710.25418060201,0.706440824252886,0.296764992232172,66.576954548495,1873.32449263545,12076.4600029532,849.708201,6.64214046822742,9.41471571906355,7.08695652173913,433303.719063545,115408.297658863
51,"d","f","a","s","b",3,4,225,11,4,28,"r",183.658862876254,0.342657342657343,0.0326098412891456,41.4232558862876,268.714640829431,2824.49398341472,426.535690543554,8.46153846153846,6.77257525083612,7.59531772575251,66350.2341137124,29649.7525083612
52,"d","f","a","s","b",3,4,225,33,4,28,"d",3.54515050167224,0.0295935948109861,0.000209814127901084,61.5975137959866,563.477215294314,3038.65458385284,577.611430570815,8.64882943143813,7.51505016722408,7.31103678929766,115144.418060201,56120.7859531773
53,"d","f","a","s","b",3,4,225,33,4,28,"r",1953.73578595318,0.368399716225803,0.115633023512719,67.3347283545151,353.83619180602,2779.87953290635,326.957961406897,7.52508361204013,7.33779264214047,7.58862876254181,87273.5852842809,40214.1471571906
54,"d","f","a","s","b",3,4,225,11,4,28,"r",1631.04682274247,0.714198844633627,0.289603439343265,6.63031876923077,557.354579946488,4514.64461572575,325.474806608247,6.72909698996656,9.8494983277592,6.52173913043478,142531.52173913,58846.7257525084
55,"d","f","a","s","b",3,4,625,31,12,78,"d",932.391304347826,0.241665767612472,0.058744397993311,60.587550909699,1704.60030133779,9451.19530554515,1220.23911910584,7.40802675585284,8.97658862876254,7.19397993311037,342681.795986622,107512.531772575
56,"d","f","a","s","b",3,4,625,31,12,78,"d",2067.64548494983,0.413960513539756,0.130269992016399,15.5094388729097,1802.85870829097,10963.2713075485,866.677123390135,6.89297658862876,8.19397993311037,8.37458193979933,457900.882943144,191679.581939799
57,"d","f","a","s","b",3,4,225,33,4,28,"d",1.40468227424749,0.025336981858721,8.31317523056653e-05,54.3875525518395,581.07186019398,2555.16705382609,467.44507219403,7.90969899665552,8.09698996655518,7.31103678929766,122300.100334448,53318.1839464883
58,"d","f","a","s","b",3,4,625,31,12,78,"d",2892.77591973244,0.554752400474701,0.182256533390873,95.0170663913044,1276.89366204013,12216.2683811338,957.499349309859,8.87290969899666,7.20066889632107,7.438127090301,290072.963210702,127840.304347826
59,"d","f","a","s","b",3,4,225,33,4,28,"r",3626.58862876254,0.563494476537955,0.214641831458397,59.0410550501672,410.295444013378,3194.73168984281,314.210480272414,6.7257525083612,7.52508361204013,7.81270903010033,98208.9297658863,39683.4381270903
60,"d","f","a","s","b",3,4,225,11,4,28,"d",13.0635451505017,0.111888111888112,0.00231949285497112,32.2313642173913,317.241657976589,2831.41333047826,415.006516526104,9.12709030100334,7.17391304347826,7.10702341137124,61302.6488294314,34469.3076923077
61,"d","f","a","s","b",3,4,625,31,12,78,"r",4146.55183946488,0.601035710432625,0.261249469953609,145.855163762542,1242.36284318395,9578.51852486622,875.007842217687,6.75250836120401,8.02675585284281,8.35117056856187,254990.43812709,139825.588628763
62,"d","f","a","s","b",3,4,225,11,4,28,"r",1224.29096989967,0.618425053207662,0.217381167528124,30.3398297826087,428.084630615385,3388.48046829766,337.505521489655,8.15384615384615,7.30434782608696,7.27759197324415,132915.170568562,40900.2274247492
63,"d","f","a","s","b",3,4,625,31,12,78,"d",2744.32107023411,0.585500053943252,0.172903278131406,37.6545955652174,2460.7300110602,12811.370903893,875.747103590747,6.73913043478261,9.39464882943144,6.93979933110368,522293.381270903,227038.230769231
64,"d","f","a","s","b",3,4,225,11,4,28,"d",277.541806020067,0.280328367284889,0.0492794007297051,39.1438933010033,807.762443397993,3923.42972624749,469.822351916968,8.74247491638796,8.45484949832776,6.36789297658863,202192.036789298,76432.5217391304
65,"d","f","a","s","b",3,4,225,33,4,28,"d",21.4882943143813,0.0475321779669606,0.00127178554778555,33.3849347491639,330.439798886288,2590.31155892308,438.759059989051,8.82274247491639,7.40133779264214,6.67892976588629,78327.237458194,35043.1471571906
66,"d","f","a","s","b",3,4,625,31,12,78,"d",284.923076923077,0.16646887474377,0.0179512880569641,82.9110027692308,1220.67951070903,8064.53001500334,958.973339892473,8.74247491638796,7.48494983277592,7.08695652173913,263245.598662207,126931.357859532
67,"d","f","a","s","b",3,4,225,33,4,28,"r",4545.30100334448,0.622783014087362,0.269016380257424,43.3840247090301,515.270902555184,4360.90970513712,320.571237527397,6.4180602006689,9.36789297658863,7.16053511705686,117191.324414716,43947.7391304348
68,"d","f","a","s","b",3,4,625,31,12,78,"r",4902.45484949833,0.678390333369296,0.308874407810983,116.666631107023,1244.29767146823,11555.6159001839,846.432059641638,6.70234113712375,9.02675585284281,6.91304347826087,340835.698996656,137531.929765886
69,"d","f","a","s","b",3,4,625,31,12,78,"d",34.5016722408027,0.0612795339303053,0.00217373168626605,74.9914382508361,1630.77529220067,11072.5255665719,1220.45479324354,8.70903010033445,7.16722408026756,7.33444816053512,283986.605351171,147531.923076923
70,"d","f","a","s","b",3,4,225,33,4,28,"r",4548.20066889632,0.644572818485862,0.269187998074389,53.4807088394649,583.940844056856,3550.4062691806,325.562437931271,6.47157190635451,9.03010033444816,7.58528428093646,122456.331103679,57701.3177257525
71,"d","f","a","s","b",3,4,225,11,4,28,"r",1218.89297658863,0.68166615992703,0.216422716327151,6.55285391973244,291.37258267893,4012.99379398662,358.360923689655,7.74247491638796,7.80267558528428,7.16387959866221,82727.0635451505,26361.7257525084
72,"d","f","a","s","b",3,4,225,11,4,28,"d",3.33779264214047,0.0808756460930374,0.000592617816965643,2.81424271571906,133.65930661204,3356.93505000334,439.28882450996,8.4247491638796,6.76923076923077,7.7257525083612,45273.0133779264,13177.1471571906
73,"d","f","a","s","b",3,4,625,31,12,78,"d",125.90635451505,0.108533822418815,0.00793259413097422,119.653257414716,1237.20488826421,10255.3537764816,1128.94778995307,8.52842809364548,7.69565217391304,6.66889632107023,327409.799331104,107817.822742475
74,"d","f","a","s","b",3,4,225,11,4,28,"d",144.371237458194,0.264822134387352,0.0256340602006689,42.5692225551839,474.181293983278,2733.33336338462,432.30964943346,7.61204013377926,7.52842809364549,8.24414715719064,116162.137123746,38184.8093645485
75,"d","f","a","s","b",3,4,225,11,4,28,"r",814.57525083612,0.501064153238066,0.144633349346306,11.5302984782609,485.25265164214,3871.24152078261,366.683062897887,7.49498327759197,8.55183946488294,7.33444816053512,133445.986622074,43321.5016722408
76,"d","f","a","s","b",3,4,225,33,4,28,"r",2354.38127090301,0.377419681767508,0.139345467923381,61.3764103879599,346.222087498328,3130.89146070569,335.396889972318,7.93979933110368,7.31103678929766,7.27090301003344,77223.4849498328,32731.1070234114
77,"d","f","a","s","b",3,4,625,31,12,78,"r",3964.05685618729,0.593267882187938,0.24975155043694,133.182447735786,1784.73195762542,9676.91393794649,904.107303573379,7.54849498327759,8.5819397993311,7.2876254180602,482825.946488294,174341.347826087
78,"d","f","a","s","b",3,4,625,31,12,78,"r",2301.83946488294,0.401553565648937,0.145025153090948,163.572624578595,784.757674882943,8571.20060316054,986.414631051195,8.1304347826087,8.38461538461539,6.66220735785953,168457.682274247,78395.2508361204
79,"d","f","a","s","b",3,4,225,33,4,28,"r",3438.16387959866,0.49326036282558,0.203489798723016,25.2863044046823,452.601790668896,4341.01884495318,341.131223958763,7.42140468227425,8.49498327759197,7.17725752508361,122558.822742475,40926.2474916388
80,"d","f","a","s","b",3,4,625,31,12,78,"r",5451.13377926421,0.775703959434675,0.343443393677851,114.904870799331,1463.36288885953,10973.3527835753,666.042725996564,7.83612040133779,7.55183946488294,7.11705685618729,370276.414715719,172680.030100334
81,"d","f","a","s","b",3,4,225,11,4,28,"r",653.939799331104,0.474004256612952,0.116111428701733,14.6545051003344,166.722100591973,3470.29875582609,350.079686357639,7.52508361204013,8.45484949832776,6.39799331103679,43734.2040133779,17697.2173913043
83,"d","f","a","s","b",3,4,625,31,12,78,"r",5497.20401337793,0.753371453231201,0.346346003668141,101.975089939799,1319.97242720067,11672.2695242642,781.732913647059,6.8428093645485,9.30769230769231,6.88628762541806,343566.933110368,141747.096989967
84,"d","f","a","s","b",3,4,225,33,4,28,"r",3863.21739130435,0.583460018242627,0.228646848788892,30.4939873846154,434.273463160535,3574.43625848161,313.371057728522,7.80267558528428,7.45150501672241,7.71571906354515,120667.391304348,40937.0802675585
85,"d","f","a","s","b",3,4,225,11,4,28,"d",632.528428093646,0.47582851930678,0.112309695652174,47.8091639364549,352.458807565217,2569.3153606689,478.021601602941,8.48494983277592,7.15384615384615,7.37123745819398,84494.1070234114,34078.3612040134
86,"d","f","a","s","b",3,4,225,33,4,28,"d",0.0869565217391304,0.00263504611330698,5.14624505928854e-06,73.4444424347826,272.796652444816,2258.62303989632,467.961538461538,9.12374581939799,7.06688963210702,7.09698996655518,48186.0836120401,29266.6421404682
87,"d","f","a","s","b",3,4,225,11,4,28,"d",79.6086956521739,0.188811188811189,0.0141350291882031,44.6735480769231,413.091104023411,2320.33680586622,479.940608806569,8.91304347826087,7.31772575250836,7.22073578595318,97784.5317725753,42031.602006689
88,"d","f","a","s","b",3,4,225,11,4,28,"d",30.5852842809365,0.192763757981149,0.0054305910611128,30.3451974013378,440.468814866221,2625.72732634114,532.449269340996,8.69899665551839,7.04682274247492,7.76254180602007,89492.3344481605,45467.8862876254
89,"d","f","a","s","b",3,4,225,11,4,28,"r",1607.71571906355,0.666768014594102,0.285460846153846,21.8098901973244,594.474243140468,3605.15600785953,315.822665471831,6.47826086956522,9.12709030100334,7.52173913043478,135973.387959866,56867.127090301
90,"d","f","a","s","b",3,4,225,33,4,28,"d",3.26421404682274,0.0332421201986419,0.000193184047836222,53.2328534682274,507.88132922408,2502.25910543478,487.449116550201,9.06020066889632,7.20401337792642,6.54849498327759,106811.341137124,46789.143812709
91,"d","f","a","s","b",3,4,225,33,4,28,"r",4325.26086956522,0.625519408128104,0.25599317259552,70.1516134849498,405.261385180602,3653.01725109699,306.125309460481,6.34113712374582,8.74581939799331,6.75250836120401,87627.5585284281,48696.8093645485
92,"d","f","a","s","b",3,4,225,33,4,28,"d",0.0836120401337793,0.00233100233100233,4.94831255700821e-06,87.5101304280936,310.696024080268,2794.85067367893,416.152173913043,9.38795986622074,6.70903010033445,7.18394648829431,52697.6321070234,29580.3946488294
93,"d","p","a","s","b",3,4,625,31,12,78,"d",1469.7525083612,0.309850037760276,0.0926003181572985,146.92143058194,496.27865629097,9968.94088323411,1045.48361940244,7.27759197324415,8.51505016722408,7.03344481605351,153825.969899666,46193.8628762542
94,"d","p","a","s","b",3,4,625,31,12,78,"d",1840.86287625418,0.350199590031287,0.115981770201748,104.198799528428,427.451230220736,8708.27220247492,1098.66212121992,7.82608695652174,8.88294314381271,6.58528428093646,116094.280936455,45499.5785953177
95,"d","p","a","s","b",3,4,625,31,12,78,"d",1749.16387959866,0.379868378465854,0.11020436314597,152.11279561204,475.02949238796,8536.06162425418,1049.66525423166,7.69565217391304,6.99665551839465,8.47826086956522,137636.919732441,42395.3177257525
96,"d","p","a","s","b",3,4,225,33,4,28,"r",3384.33110367893,0.477146042363434,0.200303671328671,71.436001270903,199.734060993311,4009.96165562876,237.425443067925,6.40468227424749,9.40133779264214,7.25752508361204,55737.9096989967,17920.6923076923
97,"d","p","a","s","b",3,4,225,11,4,28,"d",204.615384615385,0.227728792946184,0.0363308139252052,79.0010751939799,48.3215988963211,2510.80563425418,549.113621257576,8.26086956521739,7.84615384615385,6.98996655518395,18624.8060200669,3445.94314381271
98,"d","p","a","s","b",3,4,225,33,4,28,"d",47.7826086956522,0.0433769129421303,0.00282803344481605,103.737014117057,90.6478622441472,1614.93608205351,429.400740733333,9.02675585284281,6.59197324414716,7.46488294314381,34272.5217391304,6534.49163879599
99,"d","p","a","s","b",3,4,625,31,12,78,"r",2563.82274247492,0.434782608695652,0.161531154817132,205.608941608696,404.181777344482,10168.5721998528,446.148708614286,7.25418060200669,9.51505016722408,6.58862876254181,131494.321070234,40447.9397993311
100,"d","p","a","s","b",3,4,225,11,4,28,"r",692.250836120401,0.400121617512922,0.122913812100943,58.9376586889632,21.0266705083612,2297.66802056856,218.273092814346,6.9866220735786,9.37123745819398,6.92642140468227,7889.91973244147,1348.28762541806
102,"d","p","a","s","b",3,4,625,31,12,78,"r",3623.10702341137,0.537922105944546,0.228270336066458,159.339977725753,371.630623782609,13655.1261165886,638.272831809689,6.561872909699,10.38127090301,6.51839464882943,102167.722408027,39612.3076923077
103,"d","p","a","s","b",3,4,225,11,4,28,"d",619.227424749164,0.39343265430222,0.109948011857708,42.1130812441472,65.4967138729097,2943.24108311706,348.347624940678,7.96321070234114,8.50501672240803,6.67558528428094,23365.3779264214,5816.78929765886
104,"d","p","a","s","b",3,4,225,11,4,28,"r",1972.68227424749,0.718455457585892,0.350263143812709,16.6554709899666,234.634536575251,5382.46665926087,255.810883565836,6.55183946488294,9.67558528428094,7.1438127090301,67089.2140468227,21183.0434782609
105,"d","p","a","s","b",3,4,225,33,4,28,"d",103.010033444816,0.070740853349549,0.00609669970609101,120.85747851505,29.7332379364548,1680.14539307023,294.426571885417,9.11036789297659,7.1438127090301,7.18060200668896,11824.4381270903,1952.29431438127
106,"d","p","a","s","b",3,4,625,31,12,78,"d",1943.15050167224,0.402632430682922,0.12242630208221,134.671525826087,511.990331896321,7668.75564989967,882.832053794118,7.2809364548495,9.61872909698997,6.5685618729097,144821.595317726,38091.8060200669
107,"d","p","a","s","b",3,4,625,31,12,78,"r",3714.80267558528,0.54245333908728,0.234047531448916,139.263108976589,655.489358618729,10107.2437025351,666.64387070979,6.2809364548495,10.0401337792642,7.08361204013378,193373.956521739,85081.5953177257
108,"d","p","a","s","b",3,4,225,11,4,28,"d",635.311036789298,0.384615384615385,0.112803763757981,70.1134450234114,137.069658882943,3127.56074892308,478.606219878307,7.64214046822742,8.37458193979933,6.7056856187291,58550.618729097,7763.15050167224
109,"d","p","a","s","b",3,4,225,11,4,28,"d",26.4749163879599,0.194892064457282,0.00470076102158711,97.292695722408,21.4989086856187,2135.96885407692,411.628811341085,9.53846153846154,6.5685618729097,7,8065.40133779264,1627.14715719064
110,"d","p","a","s","b",3,4,225,33,4,28,"d",639.792642140468,0.151413803587717,0.0378665016722408,95.886059916388,102.47812980602,4003.324264,390.143518492063,7.5819397993311,8.93645484949833,6.92642140468227,33695.237458194,8172.98327759197
111,"d","p","a","s","b",3,4,225,33,4,28,"r",3215.32775919732,0.455254890037499,0.190301107124759,86.0455327023411,175.882910046823,4459.39913597659,249.377000102837,6.67224080267559,9.7056856187291,6.93979933110368,50151.8528428094,18544.1070234114
112,"d","p","a","s","b",3,4,225,33,4,28,"r",3823.60869565217,0.53288740245262,0.226302583054627,61.5485632408027,196.673814628763,4135.14324396321,217.630671717241,7.21404682274247,8.8561872909699,7.46488294314381,40044.1939799331,22463.1471571906
113,"d","p","a","s","b",3,4,225,11,4,28,"d",190.351170568562,0.244755244755245,0.0337981097598054,67.8653177658863,93.5661967892977,2641.42915796321,435.091912716814,8.65551839464883,8.21739130434783,6.52173913043478,38489.6555183946,6147.18394648829
114,"d","p","a","s","b",3,4,225,11,4,28,"d",378.551839464883,0.283976892672545,0.0672144174521131,77.549399819398,34.2598566220736,2229.32965309365,319.333048288557,8.12709030100334,8.27090301003344,6.90301003344482,13694.9531772575,2033.54180602007
115,"d","p","a","s","b",3,4,625,31,12,78,"r",1932.30100334448,0.366598338547848,0.121742739346208,260.635678608696,83.8976140100335,7008.50259283612,570.115937530121,7.35451505016722,7.30769230769231,7.98327759197324,35031.2675585284,4532.2474916388
116,"d","p","a","s","b",3,4,225,11,4,28,"r",1584.57190635452,0.625722103982974,0.281351504408635,32.0527209498328,142.673723153846,4917.45840910702,287.846122207843,6.75250836120401,9.79598662207358,6.93979933110368,43301.4314381271,13350.2307692308
117,"d","p","a","s","b",3,4,225,11,4,28,"d",782.086956521739,0.431742170872606,0.138864827607175,46.8220169531773,89.6827049431438,2978.22711730435,401.622556355212,7.61204013377926,8.67558528428094,7.17725752508361,34690.9163879599,6396.64882943144
118,"d","p","a","s","b",3,4,625,31,12,78,"r",4715.75919732441,0.577084906678175,0.29711182846046,124.55898658194,393.223113053512,11749.1438710201,663.944729968085,5.8561872909699,10.6655518394649,7.17056856187291,113652.10367893,43492.1070234114
119,"d","p","a","s","b",3,4,225,11,4,28,"d",25.6454849498328,0.153238066281545,0.00455349103070842,91.3844260033445,27.8725238561873,2126.5203669398,479.545529989691,9.46822742474916,6.19732441471572,7.52173913043478,8847.63545150502,2358.77591973244
120,"d","p","a","s","b",3,4,225,33,4,28,"r",3011.23745819398,0.457788588223371,0.178221898652073,66.0343395819398,181.205639464883,4227.28486184615,301.13365937234,6.76254180602007,9.93311036789298,6.59866220735786,60647.7090301003,17933.0702341137
121,"d","p","a","s","b",3,4,625,31,12,78,"r",3369.03678929766,0.52810443413529,0.212262885748193,104.204599210702,389.755512722408,11593.5661379933,630.576353200704,6.19063545150502,10.3545150501672,6.93311036789298,120026.806020067,46420.1705685619
122,"d","p","a","s","b",3,4,225,11,4,28,"r",1209.84949832776,0.561872909698997,0.214816982669504,43.548241638796,118.919549107023,4187.45150457525,279.345563392593,6.73578595317726,9.96989966555184,6.77591973244147,35586.2976588629,14073.9264214047
123,"d","p","a","s","b",3,4,225,11,4,28,"d",6.51839464882943,0.0775311644876862,0.00115735877166312,85.1278690668896,69.9841263411371,1732.8020937893,451.858333283333,8.97993311036789,6.73244147157191,7.56521739130435,22682.9933110368,6537.98662207358
124,"d","p","a","s","b",3,4,225,33,4,28,"r",3406.57190635452,0.49305766697071,0.20162000831053,60.6536168628763,223.513442819398,4930.46383083278,265.523085418118,6.1505016722408,10.819397993311,6.39464882943144,56771.6387959866,25031.3745819398
125,"d","p","a","s","b",3,4,225,11,4,28,"r",1370.78595317726,0.643660687138948,0.243392345393737,35.1043279832776,240.853031829431,2157.85164697659,246.847859385417,7.73913043478261,8.81605351170569,6.75919732441472,44779.1672240803,27660.8963210702
126,"d","p","a","s","b",3,4,225,11,4,28,"d",115.779264214047,0.217999391912435,0.0205573557312253,57.1916386655518,41.5740550200669,2268.62352330435,368.098560169154,7.33779264214047,8.1571906354515,7.35451505016722,15381.2240802676,3645.37123745819
127,"d","p","a","s","b",3,4,225,11,4,28,"d",185.792642140468,0.311340833079964,0.0329887087260566,120.138385230769,33.1069380602007,2506.50504238462,418.3036056,10.1103678929766,6.56521739130435,6.09030100334448,11318.6655518395,2482.94983277592
128,"d","p","a","s","b",3,4,225,11,4,28,"r",1528.15050167224,0.664335664335664,0.271333498023715,30.6731090635452,171.947683234114,4201.94457391973,335.377361317857,6.92307692307692,10.1070234113712,6.19063545150502,51523.5384615385,19336.0635451505
129,"d","p","a","s","b",3,4,625,31,12,78,"d",727.548494983278,0.196245549681735,0.0458384748085015,177.029161588629,368.680830190635,8634.42856352174,1019.31550029845,7.95652173913043,8.20735785953177,7.32775919732441,130028.147157191,36131.5351170569
130,"d","p","a","s","b",3,4,225,33,4,28,"r",3497.23745819398,0.494780581737103,0.206986103982974,70.1845447591973,184.462498237458,3972.69802292642,254.339008876812,6.17725752508361,10.4615384615385,6.79598662207358,53867.2809364549,21013.6555183946
131,"d","p","a","s","b",3,4,225,11,4,28,"r",1380.54180602007,0.61173608999696,0.245124568865917,40.1461931772575,174.660306056856,4425.66900693645,261.114086003802,6.05016722408027,10.4280936454849,6.90635451505017,54312.2642140468,17162.2441471572
132,"d","p","a","s","b",3,4,225,33,4,28,"r",2786.07357859532,0.431640822945171,0.164895438532482,87.6889968327759,223.30645729097,3224.60932885953,273.375313380435,6.8561872909699,10.0334448160535,6.39130434782609,53553.7357859532,25098.7859531773
133,"d","p","a","s","b",3,4,225,11,4,28,"r",1079.30100334448,0.553359683794466,0.191637208878078,48.1450657190635,147.950805635452,4939.73368212709,276.707155628459,6.68227424749164,10.5117056856187,6.2809364548495,36363.9799331104,15783.8093645485
134,"d","p","a","s","b",3,4,225,11,4,28,"r",1655.63545150502,0.637579811492855,0.293969319245971,29.8186345785953,211.615573608696,3612.20880757191,304.416578721015,7.45819397993311,8.34448160535117,7.67224080267559,62744.2408026756,23487.6287625418
135,"d","p","a","s","b",3,4,625,31,12,78,"r",3883.69565217391,0.562088682705793,0.244688470708814,233.830607695652,705.114776712375,10531.0970156455,700.161718010453,7.79598662207358,8.17056856187291,7.2943143812709,260711.016722408,65487.1638795987
136,"d","p","a","s","b",3,4,625,31,12,78,"r",5095.01003344482,0.617758118459381,0.321006161721869,123.273556180602,908.51889722408,11372.0257886522,628.057190303448,6.4314381270903,10.3010033444816,6.7123745819398,319422.384615385,73078.1237458194
137,"d","p","a","s","b",3,4,625,31,12,78,"d",2266.20066889632,0.347394540942928,0.14277976642572,197.684746421405,273.117298090301,9727.31240812709,997.324408522581,7.54180602006689,8.92642140468227,6.93311036789298,82107.2006688963,25498.0301003344
138,"d","p","a","s","b",3,4,225,33,4,28,"r",3964.63210702341,0.543022195196108,0.234649139961488,63.7110440033445,224.263553842809,4833.2712487592,285.786859862816,7.05016722408027,9.82943143812709,6.64548494983278,68144.779264214,24990.7892976589
139,"d","p","a","s","b",3,4,225,33,4,28,"d",83.0267558528428,0.0551332725245769,0.00491398094658964,119.046778946488,34.4986277993311,1046.84597049498,272.719259244444,9.14715719063545,7.20735785953177,6.83277591973244,15155.8595317726,1727.81939799331
140,"d","p","a","s","b",3,4,225,33,4,28,"r",3513.08695652174,0.498125063342455,0.207924166615993,64.3788076086957,174.889559816054,4093.72496821405,292.754125448763,7.33444816053512,9.62207357859532,6.51839464882943,44787.5551839465,21968.508361204
141,"d","p","a","s","b",3,4,225,33,4,28,"d",1169.78260869565,0.20563494476538,0.0692342789094963,97.0646350100334,198.413500280936,3558.94932282943,365.265421668539,8.11371237458194,8.92642140468227,6.49498327759197,73919.0869565217,9719.55518394649
142,"d","p","a","s","b",3,4,225,33,4,28,"r",2831.27759197324,0.43245160636465,0.167570864396473,81.7365093244147,147.631067983278,4441.97632037124,316.667200549451,7.24414715719064,9.00334448160535,7.28428093645485,46474.4581939799,16946.618729097
143,"d","p","a","s","b",3,4,225,33,4,28,"r",2877.97324414716,0.421404682274247,0.170334575453532,75.1795504782609,150.616599180602,4864.32236969565,290.102462602317,5.93645484949833,10.6354515050167,7.01003344481605,37920.5953177258,19144.0234113712
144,"d","p","a","s","b",3,4,625,31,12,78,"r",3874.00668896321,0.567051461862121,0.244078027295285,116.011724020067,515.989737478261,11017.8526986589,593.696941799296,7.03010033444816,9.71571906354515,6.561872909699,149657.605351171,64744.1906354515
145,"d","p","a","s","b",3,4,225,33,4,28,"d",806.137123745819,0.15313671835411,0.0477117005168744,93.515739361204,71.3138778829431,3288.92470301672,495.969775734266,7.8428093645485,7.47491638795987,7.97324414715719,25607.0869565217,3879.71571906355
146,"d","p","a","s","b",3,4,225,11,4,28,"r",1360.46822742475,0.600486470051687,0.241560364852539,23.3319994949833,215.933070725753,3224.92523210702,295.519311802575,7.33444816053512,7.23076923076923,8.36120401337793,54664.2943143813,21023.3745819398
147,"d","p","a","s","b",3,4,225,33,4,28,"d",256.163879598662,0.115232593493463,0.0151612021891152,115.389435147157,123.189772762542,2425.90347336455,300.820025343558,9.07023411371237,8.21070234113712,6.25752508361204,46239.5050167224,8550.10033444816
148,"d","p","a","s","b",3,4,225,11,4,28,"r",1693.9364548495,0.689267254484646,0.300769924293098,25.2085172274247,310.163317384615,3592.12884702341,266.335735988722,6.46822742474916,10.2341137123746,6.85284280936455,111550.598662207,21373.7892976589
149,"d","p","a","s","b",3,4,225,11,4,28,"d",942.749163879599,0.492550927333536,0.167391501976285,42.5230947324415,80.275651444816,3679.82458411371,264.744197774319,7.15384615384615,9.36120401337793,7.07357859531773,25604.4046822742,6821.64548494983
150,"d","p","a","s","b",3,4,625,31,12,78,"r",2764.61872909699,0.470061495306937,0.174182111662531,187.123260598662,816.205887685619,7588.51599689298,715.535340779528,6.62876254180602,10.4581939799331,6.35117056856187,215224.113712375,100378.280936455
151,"d","p","a","s","b",3,4,225,33,4,28,"r",3275.53511705686,0.457991284078241,0.193864516266342,86.7938314113712,244.185409297659,3887.37214497324,278.643459724638,7.27090301003344,9.39130434782609,6.76254180602007,59184.3745819398,29336.0969899666
152,"d","p","a","s","b",3,4,225,33,4,28,"r",3977.73913043478,0.543123543123543,0.235424886490321,85.1360295016722,249.221035819398,3429.07470169565,234.068394751852,6.66889632107023,9.49498327759197,7.20735785953177,56127.5618729097,30449.5484949833
153,"d","p","a","s","b",3,4,625,31,12,78,"d",2427.87959866221,0.434458949185457,0.152966189017154,175.481697789298,427.933939545151,9064.89781651839,813.862176812274,8.32441471571906,7.97993311036789,6.73578595317726,148853.839464883,42915
154,"d","p","a","s","b",3,4,225,33,4,28,"d",1.94648829431438,0.024424850511807,0.000115197020370933,123.742150424749,58.7452245551839,1558.06127805017,350.181818181818,8.95652173913044,7.32107023411371,7.29096989966555,21978.1906354515,4452.5652173913
155,"d","p","a","s","b",3,4,225,33,4,28,"d",158.103678929766,0.0808756460930374,0.00935744876862268,106.71095864214,34.988137083612,1319.944750301,250.025641025641,9.11036789297659,6.56521739130435,7.17725752508361,14985.2274247492,2060.35451505017
156,"d","p","a","s","b",3,4,625,31,12,78,"r",5772.07357859532,0.703743661667925,0.363663894487,152.241767341137,497.971107685619,12042.3507847258,758.435772236934,6.44481605351171,9.40133779264214,7.17725752508361,140731.655518395,46658.7324414716
157,"d","p","a","s","b",3,4,625,31,12,78,"d",864.57525083612,0.213615276728881,0.054471712806128,167.676491896321,294.399723939799,10265.8559190368,1068.63249611297,8.37123745819398,8.36454849498328,6.8695652173913,72563.0234113712,30525.2742474916
158,"d","p","a","s","b",3,4,225,11,4,28,"d",23.3311036789298,0.180297962906659,0.00414255913651566,89.9274267859532,37.1509062341137,1971.85891731438,486.273536862595,9.29096989966555,5.95317725752508,8.05351170568562,13002.9665551839,3434.03678929766
159,"d","p","a","s","b",3,4,625,31,12,78,"r",4639.02006688963,0.660696946811954,0.292276954148236,187.342796103679,833.757152324415,9178.62669791304,720.844780185567,6.65217391304348,9.08695652173913,6.49163879598662,215541.943143813,94551.2408026756
160,"d","p","a","s","b",3,4,225,11,4,28,"r",1697.58193979933,0.669504408634843,0.301417202797203,33.2200667725753,220.367886,5401.5074527893,264.738617440972,6.55183946488294,10.3779264214047,6.54849498327759,62149.8093645485,21141.4816053512
161,"d","p","a","s","b",3,4,625,31,12,78,"r",4736.80602006689,0.622397238105513,0.298437863092027,138.943425732441,373.785502023411,13946.1124773278,582.516606103448,6.89632107023411,9.44481605351171,7.03678929765886,74557.2173913044,33089.220735786
162,"d","p","a","s","b",3,4,225,11,4,28,"r",1984.13712374582,0.72027972027972,0.352297032228641,22.950070819398,391.178106294314,4656.92116254849,257.303622313589,6.78595317725753,9.5685618729097,6.95986622073579,125899.859531773,35747.3846153846
163,"d","p","a","s","b",3,4,225,33,4,28,"r",4216.22742474916,0.552042160737813,0.249539960575656,47.0927533879599,791.118656809365,4727.10975341806,238.690096090592,6.48494983277592,10.133779264214,6.8628762541806,222031.193979933,97186.4849498328
164,"d","p","a","s","b",3,4,225,11,4,28,"r",1539.31772575251,0.612648221343874,0.273316312861052,27.4428587591973,400.021608033445,4009.51914540468,236.424446689781,6.33444816053512,10.1872909698997,7.03344481605351,134562.816053512,40196.8662207358
165,"d","p","a","s","b",3,4,225,11,4,28,"d",304.685618729097,0.307692307692308,0.0540989689875342,87.9396674280936,28.7167049966555,2429.22726100334,300.799775636752,8.95652173913044,7.31772575250836,7.14715719063545,10504.4481605351,2123.70234113712
166,"d","p","a","s","b",3,4,225,33,4,28,"r",2734.90301003344,0.439140569575352,0.16186687726766,95.6486133344482,221.610530755853,2772.20355567559,238.796737107143,7.37792642140468,9.55183946488294,6.32441471571906,70283.3913043478,21453.3545150502
167,"d","p","a","s","b",3,4,625,31,12,78,"r",4678.94314381271,0.581184593807315,0.294792268529507,167.35719838796,653.952151254181,10946.2956922441,753.700259929329,6.29765886287625,10.4548494983278,6.58862876254181,195748.173913043,51179.4615384615
168,"d","p","a","s","b",3,4,225,11,4,28,"r",1498.72240802676,0.622377622377622,0.266108337488598,43.8008114882943,142.484374565217,4040.43637601338,295.895136287879,6.67892976588629,10.2274247491639,6.60535117056856,38794.9397993311,12451.2006688963
169,"d","p","a","s","b",3,4,625,31,12,78,"d",1872.71237458194,0.368000863092027,0.117988416334017,156.017843535117,463.91179538796,11227.0677775318,1050.62157644776,8.01003344481605,8.47491638795987,6.94314381270903,129408.963210702,42729.5451505017
170,"d","p","a","s","b",3,4,225,33,4,28,"d",1.44481605351171,0.0206749771967163,8.55068409851018e-05,82.528023632107,39.5584887792642,1531.29540480936,497.863636363636,8.79264214046823,7.21070234113712,7.34782608695652,10127.6421404682,3767.52842809365
171,"d","p","a","s","b",3,4,225,33,4,28,"d",4.9866220735786,0.0151008411877977,0.000295132867132867,106.285314769231,43.7120410301003,1004.02810104682,470.892857142857,8.97324414715719,6.62876254180602,7.49498327759197,16550.5953177258,3550.47491638796
172,"d","p","a","s","b",3,4,625,31,12,78,"d",16.5418060200669,0.0381918222030424,0.00104219009601899,207.477647280936,194.479854287625,4583.26657827425,1165.42401958824,9.52842809364548,6.88294314381271,6.86622073578595,58637.3745819398,22158.491638796
173,"d","p","a","s","b",3,4,625,31,12,78,"d",2049.80267558528,0.338439961160859,0.129145818211242,195.978770100334,393.33814493311,11643.7175933746,995.051228896226,8.60869565217391,7.97658862876254,6.80936454849498,132075.163879599,26197.2809364548
174,"d","p","a","s","b",3,4,625,31,12,78,"r",4000.05351170569,0.54860286978099,0.252019483763081,142.593098591973,625.058841538461,13099.2280187057,672.890486101504,6.43478260869565,10.1638795986622,6.90969899665552,149770.234113712,84692.4615384615
175,"d","p","a","s","b",3,4,225,33,4,28,"d",268.705685618729,0.0923279618931793,0.0159034945778859,117.159408361204,64.0996807993311,2757.93440982609,482.242253521127,8.62876254180602,8.1304347826087,6.44816053511706,25018.9464882943,5208.6220735786
176,"d","p","a","s","b",3,4,625,31,12,78,"d",1238.90635451505,0.273060740101413,0.078056080806991,74.5903203344482,217.498941347826,8427.02292755518,883.674690981273,7.39799331103679,9.60200668896321,6.5819397993311,74513.4816053512,22460.9397993311
177,"d","p","a","s","b",3,4,225,33,4,28,"d",3.20401337792642,0.0269585486976791,0.000189624607276781,108.629724769231,18.8359762408027,1975.54437273579,639.775,8.50501672240803,6.91973244147157,8.12709030100334,7752.4381270903,1225.0602006689
178,"d","p","a","s","b",3,4,225,11,4,28,"d",451.672240802676,0.399513529948313,0.080197442687747,44.1289994013378,82.4990981237458,3842.41743265886,399.570373747967,7.61872909698997,9.59866220735786,6.37123745819398,28862.381270903,6857.36454849498
179,"d","p","a","s","b",3,4,225,33,4,28,"d",11.943143812709,0.0442890442890443,0.000706849599675687,94.2198096220736,47.9299091505017,1985.70780161538,455.20416665,8.37458193979933,8.27759197324415,6.62541806020067,17075.347826087,3263.07692307692
180,"d","p","a","s","b",3,4,625,31,12,78,"d",2242.74581939799,0.40619268529507,0.141302015859316,99.5187538528428,767.575400658863,10140.1778972475,758.395414939271,7.08695652173913,8.79598662207358,7.74247491638796,296259.441471572,59157.0100334448
181,"d","p","a","s","b",3,4,225,33,4,28,"d",2.59197324414716,0.0311138137225094,0.000153400324313368,135.478758110368,44.5256057558528,1412.01233885284,565.25,9.25752508361204,6.75585284280936,7.47826086956522,16300.2608695652,4246.30434782609
182,"d","p","a","s","b",3,4,625,31,12,78,"d",55.2307692307692,0.0653792210594455,0.00347974765346855,273.317906665552,114.09407616388,4612.05707786622,1089.73818101802,10.2006688963211,6.46153846153846,6.93645484949833,43293.6387959866,10648.7859531773
183,"d","f","a","s","t",3,4,625,31,12,78,"d",2366.83277591973,0.409321393893624,0.149119994929334,97.1137827357859,549.445488434783,10712.6790207726,1062.30944395167,7.58528428093646,7.95986622073579,7.60200668896321,232329.294314381,38127.1404682274
184,"d","f","a","s","t",3,4,225,33,4,28,"d",645.314381270903,0.142089794263707,0.0381933094152225,53.4588079130435,78.8713415384615,3753.29696597324,489.76867254386,8.29096989966555,7.49832775919732,7.85284280936455,24225.1672240803,14272.4983277592
185,"d","f","a","s","t",3,4,225,33,4,28,"d",991.672240802676,0.176852133373873,0.05869270953684,57.2511831404682,61.6781454682274,4507.1333281204,544.120471107407,8.27759197324415,7.64882943143813,7.5685618729097,21924.6053511706,5425.91973244147
186,"d","f","a","s","t",3,4,225,11,4,28,"d",1528.10367892977,0.688659166920036,0.271325184554576,5.52187842474916,93.966535173913,4367.90403513378,452.689980404844,6.8494983277592,9.18060200668896,7.31772575250836,17394.1538461538,7274.53846153846
188,"d","f","a","s","t",3,4,625,31,12,78,"r",7145.33779264214,0.805372747869242,0.450185076059985,127.628123377926,265.271013658863,12682.9430192508,917.814210993174,5.73244147157191,10.8528428093645,6.93311036789298,100936.688963211,18189.8394648829
189,"d","f","a","s","t",3,4,625,31,12,78,"r",7496.92976588629,0.811198619052756,0.472336788542453,137.456100043478,1113.67236447492,12600.7326173846,817.064031979522,6.77926421404682,9.06354515050167,7.77257525083612,467041.682274248,49599.9163879599
190,"d","f","a","s","t",3,4,225,33,4,28,"r",6695.79933110368,0.775007601094558,0.396294926016013,20.7674397725753,170.037396354515,5618.91518560535,317.265738662162,5.8628762541806,10.1438127090301,7.37792642140468,23834.1839464883,15822.9632107023
191,"d","f","a","s","t",3,4,225,11,4,28,"d",1144.96655518395,0.580115536637276,0.203296577075099,46.6894414615385,46.5831086187291,3878.03006725084,542.021530297872,8.24080267558528,7.67892976588629,7.36120401337793,16769.4214046823,5153.57525083612
192,"d","f","a","s","t",3,4,225,11,4,28,"d",1621.66889632107,0.649133475220432,0.287938326543022,25.3229646856187,81.5362662675585,5293.00190696655,259.148015818182,8.08026755852843,7.92976588628763,7.52842809364549,32289.9397993311,6102.15719063545
193,"d","f","a","s","t",3,4,225,11,4,28,"r",2178.34782608696,0.832167832167832,0.38678046701125,31.2234008762542,164.338856949833,4674.53305246823,350.691513064846,6.39799331103679,10.0769230769231,7.10367892976589,51314.8260869565,15008.8193979933
194,"d","f","a","s","t",3,4,625,31,12,78,"d",2506.08361204013,0.419246952206279,0.157893358614737,57.5329804849498,857.068652892977,10538.6064024047,1087.10420625912,7.47826086956522,7.73578595317726,8.31438127090301,414852.829431438,18033.2441471572
195,"d","f","a","s","t",3,4,225,33,4,28,"d",1020.94983277592,0.146549103070842,0.0604255229553056,72.6106534013378,74.7318466020067,2656.2393129097,550.557149976834,8.37123745819398,7.12374581939799,8.1505016722408,26170.652173913,6278.93311036789
196,"d","f","a","s","t",3,4,225,33,4,28,"d",31.4314381270903,0.0259450694233303,0.00186028417958853,88.918807916388,121.425728535117,2688.93706842809,540.83550892623,8.87290969899666,6.70903010033445,7.91973244147157,45464.0100334448,8222.09030100335
197,"d","f","a","s","t",3,4,225,11,4,28,"r",2430.72575250836,0.857099422316814,0.431591887503801,32.8870896688963,241.828496889632,4529.33902027759,332.777313020478,6.37123745819398,9.9933110367893,7.07023411371237,79716.9632107023,14914.7424749164
198,"d","f","a","s","t",3,4,225,33,4,28,"d",1086.86956521739,0.208979426370731,0.0643270202695855,88.5349875384615,124.322128003344,3477.70853973579,409.555921321033,8.04682274247492,8.12374581939799,7.52842809364549,47994.5117056856,10175.0969899666
199,"d","f","a","s","t",3,4,625,31,12,78,"r",7280.2474916388,0.835904628330996,0.458684931923616,94.1385727391304,487.29861212709,13039.9056094181,893.766312962712,5.7257525083612,10.6053511705686,6.72240802675585,145914.949832776,48980.2809364549
200,"d","f","a","s","t",3,4,625,31,12,78,"r",5859.00668896321,0.750566404142842,0.369141031287086,217.440638551839,608.521516608696,10345.5586063645,947.949191108108,8.12709030100334,8.37123745819398,6.81939799331104,203261.066889632,47518.8227424749
201,"d","f","a","s","t",3,4,225,11,4,28,"r",2586.91638795987,0.870477348738218,0.459324600790514,24.8119061772575,61.9228674749164,4401.28585476589,338.890802805461,6.7056856187291,10.0066889632107,6.72909698996656,16749.9264214047,5192.17391304348
202,"d","f","a","s","t",3,4,225,33,4,28,"d",1995.05351170569,0.272321881017533,0.118078437316307,68.8747042006689,242.44544270903,4421.50697594314,452.070313757143,7.81270903010033,8.67224080267559,7.03344481605351,100381.107023411,14170.0401337793
203,"d","f","a","s","t",3,4,225,33,4,28,"r",6057.03010033445,0.724130941522246,0.358488981858721,64.712403180602,188.97354419398,4830.52482188963,346.053963932432,5.80936454849498,10.2842809364548,7.561872909699,38789.5016722408,19607.364548495
204,"d","f","a","s","t",3,4,225,11,4,28,"r",2620.19732441472,0.861356035269079,0.465233855883247,22.4306378662207,59.8030344013378,5055.93768244816,308.338154996575,6.11705685618729,10.4414715719064,6.81605351170569,22448.4648829431,4589.69899665552
205,"d","f","a","s","t",3,4,225,33,4,28,"r",5465.70568561873,0.695145434275869,0.32349108898348,79.7489853010033,60.9114295785953,4241.91443440803,318.554619204082,6.9933110367893,8.75919732441472,7.39799331103679,14599.8093645485,4831.4381270903
206,"d","f","a","s","t",3,4,225,11,4,28,"r",2477.49163879599,0.84706597750076,0.439895488598358,27.1819326555184,315.992350394649,4967.55102249833,339.943325865979,6.33110367892977,9.53511705685619,7.46153846153846,59457.2107023411,36684.4481605351
207,"d","f","a","s","t",3,4,625,31,12,78,"r",6681.45484949833,0.777322256985651,0.420958581400367,22.8209601204013,83.3817995719064,14416.8007220167,944.940232891892,6.22408026755853,10.4916387959866,6.88963210702341,34791.1739130435,4778.05685618729
208,"d","f","a","s","t",3,4,225,11,4,28,"d",1423.60200668896,0.671328671328671,0.252770205533597,23.2069787324415,122.487307508361,4996.72539282943,431.365924135531,7.02006688963211,9.51505016722408,6.96321070234114,50236.5652173913,6680.63210702341
209,"d","f","a","s","t",3,4,225,33,4,28,"r",6217.48829431438,0.748251748251748,0.367985798013581,80.0769655250836,385.477894588629,4240.37030947492,300.094807833898,6.62876254180602,9.12709030100334,7.84615384615385,92074.9464882943,39264.8528428094
210,"d","f","a","s","t",3,4,625,31,12,78,"r",7305.54180602007,0.814435214154709,0.460278575790269,121.843605147157,455.071239618729,12215.2396395318,915.828100040541,6.37792642140468,9.23076923076923,7.5752508361204,176051.096989967,37570.3545150502
211,"d","f","a","s","t",3,4,225,33,4,28,"r",5839.34782608696,0.730009121313469,0.345605325428195,62.9258392876254,132.564916474916,4279.82975107023,321.974654272109,6.67892976588629,9.1571906354515,7.5819397993311,35855.6220735786,12901.1237458194
212,"d","f","a","s","t",3,4,225,33,4,28,"r",6728.40133779264,0.771156379852032,0.398224496402149,71.7027343177258,41.0571105016722,4830.48406097324,295.340756077966,6.21739130434783,9.77257525083612,7.34782608695652,10757.7892976589,4108.47826086957
213,"d","f","a","s","t",3,4,225,33,4,28,"d",456.85618729097,0.128509171987433,0.0270392977602108,90.2946535652174,206.111647772575,3379.03443072575,463.712012207547,9.17725752508361,6.89966555183946,7.55518394648829,96028.745819398,6674.38127090301
214,"d","f","a","s","t",3,4,225,33,4,28,"r",6380.22742474916,0.753724536333232,0.377617612749569,46.7901805752508,40.9492183110368,4792.24774596656,321.679599959322,6.51505016722408,8.75919732441472,7.96321070234114,12759.6086956522,3508.01003344482
215,"d","f","a","s","t",3,4,225,33,4,28,"r",5018.29765886288,0.653998175737306,0.297010973142799,27.9077393377926,55.5446340301003,4427.57069746154,352.766290817568,6.09364548494983,9.92307692307692,7.35785953177258,24720.9264214047,2581.92976588629
216,"d","f","a","s","t",3,4,225,33,4,28,"r",6495.49163879599,0.760413499543934,0.384439594810986,68.6415221605351,146.5872369699,4411.57061254181,327.983622614865,6.19732441471572,9.30769230769231,7.46822742474916,37975.2173913043,22909.3779264214
217,"d","f","a","s","t",3,4,225,11,4,28,"d",1225.94648829431,0.549711158406811,0.217675115232594,53.2328499297659,144.847394498328,4044.73643221739,473.078114560284,8.97993311036789,7.63545150501672,6.91638795986622,41138.2274247492,25157.0401337793
218,"d","f","a","s","t",3,4,225,11,4,28,"d",1070.43143812709,0.577379142596534,0.190062362116145,33.334621729097,140.736752264214,3764.70375163545,408.460927456204,8.92307692307692,7.50501672240803,7.14715719063545,35711.6421404682,11026.9632107023
219,"d","f","a","s","t",3,4,225,33,4,28,"r",6551.36454849498,0.758082497212932,0.387746466301814,64.1009740535117,35.3494260367893,4771.52094828094,315.670818733108,5.99665551839465,10.0200668896321,7.49832775919732,11252.0802675585,2964.61538461538
220,"d","f","a","s","t",3,4,225,11,4,28,"r",2334.67892976589,0.847674065065369,0.414538121617513,7.51950513043478,123.201478448161,5097.35588637793,337.981077616438,6.1371237458194,9.91304347826087,7.52842809364549,35923.1605351171,12185.2441471572
221,"d","f","a","s","t",3,4,225,33,4,28,"d",1081.61538461538,0.179487179487179,0.0640160496604844,33.3699150635452,59.5942721471572,3650.59362543478,514.574607816092,7.44147157190635,7.80602006688963,8.23745819397993,23636.602006689,3695.84615384615
222,"d","f","a","s","t",3,4,225,33,4,28,"r",6254.58862876254,0.748657139961488,0.370181604337691,73.7591305919732,209.409881451505,3718.40574658863,338.270619260135,5.80267558528428,10.5819397993311,6.95652173913043,36277.5317725753,19190.5016722408
223,"d","f","a","s","t",3,4,625,31,12,78,"d",1561.3779264214,0.31297874635883,0.0983730908404359,106.873327859532,724.719350511706,9671.22516419733,1180.54906063043,8.4247491638796,7.26421404682274,7.96989966555184,292782.989966555,51562.9397993311
224,"d","f","a","s","t",3,4,625,31,12,78,"r",7776.05351170569,0.818319128277053,0.489922711943036,72.4544484046823,320.918438632107,14180.9193400268,884.458269938983,6.27759197324415,10.1371237458194,7.16053511705686,98936.8628762542,28615.3143812709
225,"d","f","a","s","t",3,4,225,11,4,28,"d",1281.97993311037,0.594709638187899,0.227624240194588,23.4173344882943,57.9456191003344,4166.38555557859,487.508758942029,6.88294314381271,8.46153846153846,8.25418060200669,17496.9163879599,3461.65217391304
226,"d","f","a","s","t",3,4,225,33,4,28,"d",1429.45484949833,0.252761731022601,0.0846031376304855,86.5860697090301,39.181823090301,3736.12567889967,422.726747241007,8.21404682274247,7.79933110367893,7.67224080267559,15767.0200668896,2444.36789297659
227,"d","f","a","s","t",3,4,225,11,4,28,"r",2317.52508361204,0.840377014290058,0.411492337488598,6.64842069899666,100.681000050167,4710.05778333445,330.898883317406,6.10033444816054,10.0434782608696,6.95652173913043,21690.8795986622,7642.39464882943
228,"d","f","a","s","t",3,4,225,11,4,28,"d",1322.3110367893,0.657342657342657,0.234785297658863,23.189400090301,106.140520063545,4201.31750974582,451.569697184028,7.7056856187291,8.64882943143813,7,33659.4448160535,11828.4280936455
229,"d","f","a","s","t",3,4,225,33,4,28,"d",864.180602006689,0.137833181311442,0.0511470413499544,75.2666232909699,63.8399739331104,3656.84233213043,515.593862769547,7.68561872909699,7.81605351170569,7.94648829431438,25562.8127090301,4076.11036789298
230,"d","f","a","s","t",3,4,625,31,12,78,"r",6245.27424749164,0.76437587657784,0.393477444816054,150.722034729097,1119.24360455518,13259.0799078796,913.298685023649,6.91638795986622,9.1438127090301,7.57859531772575,282031.076923077,101097.411371237
231,"d","f","a","s","t",3,4,225,11,4,28,"r",2360.47491638796,0.824566737610216,0.419118370021283,32.3985460869565,61.1835018729097,4981.20482945485,356.035336604811,6.14046822742475,10.9397993311037,6.55852842809365,19780.7157190635,4895.8093645485
232,"d","f","a","s","t",3,4,225,11,4,28,"r",2840.86287625418,0.909090909090909,0.504414529036181,27.8175584280936,48.7873244983278,5486.11190904013,304.109730730375,6.38461538461539,9.19063545150502,7.2809364548495,14738.6120401338,3857.63210702341
233,"d","f","a","s","t",3,4,225,11,4,28,"r",2708.39464882943,0.867436910915172,0.480893892368501,23.9305503712375,92.7786366722408,5227.97631384615,319.150008476351,6.1505016722408,9.77926421404682,7.20066889632107,36010.0735785953,5862.88294314381
234,"d","f","a","s","t",3,4,225,33,4,28,"r",5866.54849498328,0.733860342555995,0.347215214350867,62.5055532809365,422.29919348495,4067.28932986957,309.056196766892,7.03344481605351,7.82608695652174,8.37792642140468,95590.8193979933,47143.635451505
235,"d","f","a","s","t",3,4,225,33,4,28,"d",958.304347826087,0.175230566534914,0.0567178101753319,87.8089686354515,69.6731026354515,3111.85964892977,487.245487898601,8.46822742474916,7.11705685618729,8.01672240802676,22568.7692307692,4734.32107023411
236,"d","f","a","s","t",3,4,625,31,12,78,"r",7196.52173913043,0.830941849174668,0.45340987226238,143.199023354515,156.856696364548,13868.9509558662,935.753312333333,5.61538461538461,11.257525083612,6.73578595317726,68482.9966555184,6250.0602006689
237,"d","f","a","s","t",3,4,225,11,4,28,"r",2508.19732441472,0.889936150805716,0.445347494071146,16.8527122107023,75.1733900234114,5827.42111680268,356.683412986254,7.39464882943144,9.05351170568562,7.04013377926421,24478.8227424749,8024.09364548495
238,"d","f","a","s","t",3,4,625,31,12,78,"d",2292.00668896321,0.377710648397885,0.144405648074226,51.5166626588629,437.968227003344,13848.9058837759,1139.27445436749,7.00334448160535,9.12374581939799,6.79598662207358,165980.401337793,24124.4013377926
239,"d","f","a","s","t",3,4,625,31,12,78,"r",5987.39799331104,0.745711511489913,0.37723020056101,107.540217638796,388.211825444816,13860.945357786,980.033661467797,7.20066889632107,9.73913043478261,6.5685618729097,93825.143812709,35525.2575250836
240,"d","f","a","s","t",3,4,225,33,4,28,"r",5350.90969899666,0.66403162055336,0.316696819296645,44.4631826889632,40.387044909699,4465.35761741472,326.844334081356,6.77591973244147,9.14715719063545,7.61872909698997,14019.3277591973,3000.07692307692
241,"d","f","a","s","t",3,4,225,11,4,28,"d",2233.89966555184,0.811796898753421,0.396644071450289,8.82180141137124,300.485837752508,4974.68634337458,322.648818299652,6.62541806020067,8.63545150501672,8.18060200668896,76157.635451505,36226.1070234114
242,"d","f","a","s","t",3,4,625,31,12,78,"d",1684.9397993311,0.309957924263675,0.106157988779804,67.3831862374582,172.624026284281,11430.500594,1124.78642704132,7.10367892976589,8.10702341137124,8.27090301003344,59832.8595317726,13260.1337792642
243,"d","f","a","s","t",3,4,225,11,4,28,"d",1201.40133779264,0.629674673152934,0.213316956521739,49.4009596086957,81.8716681438127,4201.69983234448,448.467613387543,8.19063545150502,7.76588628762542,7.49832775919732,23731.3444816054,7238.79598662207
244,"d","f","a","s","t",3,4,225,11,4,28,"d",511.528428093645,0.320462146549103,0.0908253228944968,27.3450046688963,45.6451905819398,3455.29891258863,503.22394234717,8.38127090301003,7.69899665551839,7.49163879598662,16944.6856187291,3109.39464882943
245,"d","f","a","s","t",3,4,225,11,4,28,"d",1044.52508361204,0.522347217999392,0.185462511097598,16.5723743010033,61.3580224013378,4066.62478397993,444.499763868132,7.31772575250836,9.07357859531773,7.30434782608696,25616.4080267559,4011.50501672241
246,"d","f","a","s","t",3,4,625,31,12,78,"d",606.006688963211,0.156435429927716,0.0381808516560578,89.7551518929766,194.848178381271,11791.0594164181,1278.66198492565,8.73578595317726,7.87625418060201,6.95986622073579,59564.1337792642,16290.3043478261
247,"d","f","a","s","t",3,4,225,33,4,28,"r",5893.13712374582,0.729096989966555,0.34878887726766,63.4176591973244,60.1391482976589,4160.99069118395,341.483926338983,6.47826086956522,9.48160535117057,7.39130434782609,24942.9464882943,3676.05351170569
248,"d","f","a","s","t",3,4,625,31,12,78,"r",6143.22073578595,0.78357967418276,0.387047661344266,214.447587662207,287.435827301003,11542.8273406957,999.449540300676,7.59531772575251,8.69230769230769,6.89297658862876,79496.6822742475,26396.2775919732
249,"d","f","a","s","t",3,4,225,33,4,28,"d",520.95652173913,0.0900983074896118,0.0308331130029391,37.5549804715719,108.147535605351,4146.52289488963,549.09365785461,8.54515050167224,7.76923076923077,7.25083612040134,37210.6622073579,6000.62876254181
250,"d","f","a","s","t",3,4,225,33,4,28,"d",883.943143812709,0.210398297354819,0.0523166974764366,62.7353354749164,84.6314011337793,2768.29731222074,479.016217981752,7.66555183946488,6.57859531772575,8.81605351170569,20301.1571906355,5538.9397993311
251,"d","f","a","s","t",3,4,225,33,4,28,"r",6719.27424749164,0.768014594101551,0.397684304043782,64.397487006689,228.840614113712,4963.01087561204,305.998157081356,6.03010033444816,10.0869565217391,7.45484949832776,29106.745819398,15879.7692307692
252,"d","f","a","s","t",3,4,225,33,4,28,"d",88.8394648829431,0.0439850005067396,0.00525801175635958,84.4972735953177,157.810899150502,3450.55652259197,505.645977142077,8.79933110367893,7.37123745819398,7.51505016722408,28022.7692307692,13864.9632107023
253,"d","f","a","s","t",3,4,625,31,12,78,"r",7400.94983277592,0.848851008738807,0.466289666199159,78.0832750936455,408.749803595318,11288.8293983378,820.651156722973,6.67558528428094,8.09698996655518,8.68227424749164,130525.053511706,34734.635451505
254,"d","f","a","s","t",3,4,625,31,12,78,"r",6674.8127090301,0.789837091379868,0.420540099579243,130.705927685619,243.48747080602,13770.7128771171,902.907786037415,6.30434782608696,10.0936454849498,7.07357859531773,99351.2441471572,13782.1404682274
255,"d","f","a","s","t",3,4,625,31,12,78,"r",7877.15719063545,0.832344373718848,0.496292650124069,101.49616332107,170.06016758194,12334.7787150736,855.991642707483,5.82943143812709,10.6555183946488,7.1571906354515,50741.7591973244,14909.6321070234
256,"d","f","a","s","t",3,4,225,11,4,28,"d",1127.3143812709,0.617816965643053,0.200162315597446,42.6888870033445,37.5555297123746,4509.49747159866,439.613429264493,7.87290969899666,8.49498327759197,7.16053511705686,15727.5217391304,2026.09364548495
257,"d","f","a","s","t",3,4,225,11,4,28,"r",2156.33110367893,0.813621161447248,0.382871247795683,5.82059831103679,46.8575847257525,4944.90634101672,361.542805178082,5.97658862876254,10.2508361204013,7.33110367892977,15854.7725752508,3339.94314381271
258,"d","f","a","s","t",3,4,225,11,4,28,"r",1874.41806020067,0.827303131650958,0.332815664031621,38.6673689364548,250.666897043478,4112.03454181605,370.021420037415,6.81605351170569,9.29765886287625,7.32441471571906,45178.5384615385,24510.7759197324
259,"d","f","a","s","t",3,4,225,11,4,28,"r",2717.92307692308,0.855883247187595,0.482585728792946,6.28976857190635,53.3328669297659,5202.08583905686,308.302842212329,6.1304347826087,9.60869565217391,7.7123745819398,17502.8127090301,4892.77257525084
260,"d","f","a","s","t",3,4,225,11,4,28,"d",1089.63545150502,0.549103070842201,0.193472163271511,5.30823743143813,165.239953063545,4991.22624202341,470.067664349091,7.03678929765886,9.16722408026756,7.4180602006689,28251.3578595318,11902.0602006689
261,"d","f","a","s","t",3,4,625,31,12,78,"d",630.230769230769,0.185133239831697,0.0397070652713346,90.1679402909699,277.327510541806,9995.27328024749,1268.29151278339,8.79933110367893,6.39464882943144,8.49498327759197,94383.1772575251,25651.7859531773
262,"d","f","a","s","t",3,4,625,31,12,78,"d",1339.12040133779,0.29517747329809,0.0843699705469846,95.0195884113712,511.325590073579,11621.4990654649,1160.4664527993,8.38127090301003,7.5685618729097,7.36789297658863,169944.384615385,43194.0702341137
263,"d","f","a","s","t",3,4,225,11,4,28,"r",2294.43143812709,0.912739434478565,0.407391899969596,8.14802878929766,78.7539253812709,5169.88711678261,363.865159564626,7.53177257525084,8.15384615384615,7.53846153846154,21729.237458194,13899.4448160535
264,"d","f","a","s","t",3,4,225,33,4,28,"d",1176.07692307692,0.208269990878687,0.0696068115942029,76.7649457090301,51.3205014849498,4386.69759832107,436.094010507092,8.49163879598662,7.57859531772575,7.55852842809365,21795.1204013378,2748.64214046823
265,"d","f","a","s","t",3,4,625,31,12,78,"d",1908.59197324415,0.321501780127306,0.120248977451721,85.0044260367893,173.524201331104,11636.9324762977,1165.84061924242,8.22408026755853,7.04682274247492,7.94648829431438,64218.8963210702,12369.237458194
266,"d","f","a","s","t",3,4,625,31,12,78,"r",5948.20066889632,0.769985974754558,0.374760610637609,109.697918979933,641.731474267558,12419.284946796,899.962142701695,6.64214046822742,9.01672240802676,7.84615384615385,247690.585284281,37063.8929765886
267,"d","f","a","s","t",3,4,625,31,12,78,"d",1806.55852842809,0.350415363038084,0.113820457223001,66.8472845719064,444.448440959866,13173.9706047291,1153.52825198252,7.47826086956522,8.30100334448161,7.83277591973244,145753.230769231,38500.6120401338
268,"d","f","a","s","t",3,4,625,31,12,78,"d",2433.88963210702,0.423130866328622,0.153344846153846,24.7797788595318,3214.1468693612,13433.1804251806,1099.82631037591,7.1438127090301,7.49832775919732,8.76588628762542,834753.003344482,772780.026755853
269,"d","f","a","s","t",3,4,225,11,4,28,"d",1075.89297658863,0.569474004256613,0.191032090605047,30.9669053712375,119.476483692308,4074.5083999699,400.815182450172,8.04347826086956,8.54849498327759,6.89966555183946,28284.2575250836,11254.8193979933
270,"d","p","a","s","t",3,4,225,33,4,28,"r",7674.75919732441,0.819499341238472,0.45423525914665,85.1981153511706,68.1100016354515,4251.66760249164,290.901781808874,6.80602006688963,9.78260869565217,6.58528428093646,18520.9966555184,7119.58528428094
271,"d","p","a","s","t",3,4,225,33,4,28,"d",1405.81605351171,0.202087767305159,0.0832040638491943,104.926148073579,29.8101806421405,3352.12324894649,390.20351320339,8.29765886287625,8.55518394648829,6.74247491638796,11093.4581939799,2235.02675585284
272,"d","p","a","s","t",3,4,625,31,12,78,"r",8874.05351170569,0.878951343186967,0.559101137015859,165.711825812709,80.4724533411371,11881.9407068528,770.162923976109,7.37458193979933,9.27090301003344,6.79933110367893,26975.72909699,6390.45819397993
273,"d","p","a","s","t",3,4,225,33,4,28,"d",1942.86956521739,0.29218607479477,0.114989900374987,76.0557555117057,36.2240079899666,4020.02434502341,380.92293864684,6.63545150501672,9.21739130434783,7.52842809364549,11963.6254180602,3330.02675585284
274,"d","p","a","s","t",3,4,625,31,12,78,"d",2936.15384615385,0.458409752939907,0.184989516344805,244.394019394649,117.048246327759,10384.7208724983,1193.76257730282,8.25752508361204,8.38127090301003,6.79264214046823,46223.1137123746,8710.97993311037
275,"d","p","a","s","t",3,4,225,33,4,28,"d",1506.74581939799,0.25296442687747,0.0891776526806527,102.271255351171,23.0650797491639,3817.26644111706,517.907869736111,7.88294314381271,8.8494983277592,6.83277591973244,10524.0066889632,906.47491638796
276,"d","p","a","s","t",3,4,225,33,4,28,"r",6084.6220735786,0.695449478058174,0.360122029593595,76.2117506187291,310.313316060201,5010.98202951505,328.332123051546,6.04013377926421,11.180602006689,6.30434782608696,131509.498327759,19009.5785953177
277,"d","p","a","s","t",3,4,625,31,12,78,"d",2738.90969899666,0.419786384723271,0.172562339734599,181.32841119398,85.1936267859532,10409.0123388829,1276.08890380969,7.68227424749164,9.16722408026756,6.68896321070234,26690.779264214,6004.41471571906
278,"d","p","a","s","t",3,4,225,11,4,28,"d",1277.96989966555,0.615384615384615,0.226912226816662,67.5931333712375,27.7175411003344,3609.85626523746,466.242021523636,8.54849498327759,8.09698996655518,6.73244147157191,11727.8662207358,1849.29765886288
279,"d","p","a","s","t",3,4,625,31,12,78,"r",7621.00668896321,0.819074333800841,0.480154134966016,111.756084160535,178.269955391304,13536.8644043645,818.763350255973,5.77257525083612,9.87290969899666,7.68561872909699,45675.3846153846,15669.6220735786
280,"d","p","a","s","t",3,4,225,33,4,28,"r",9074.47491638796,0.84726867335563,0.537078282051282,52.9741146588629,65.0151673244147,4494.50694980268,258.125579010274,5.81605351170569,10.2307692307692,7.16387959866221,15027.1404682274,6667.28093645485
281,"d","p","a","s","t",3,4,225,33,4,28,"d",1088.49498327759,0.203607986216682,0.0644232216479173,94.8481308896321,26.0738002441472,4290.34207081605,491.710861980769,7.46822742474916,8.62207357859532,7.37123745819398,8486.2474916388,2125.53511705686
282,"d","p","a","s","t",3,4,625,31,12,78,"r",8051.2474916388,0.844967094616463,0.507261041428417,132.475076849498,187.861582428094,14211.3586429231,853.127467944828,6.32775919732441,10.8327759197324,6.31438127090301,43562.8361204013,15041.1839464883
283,"d","p","a","s","t",3,4,225,11,4,28,"r",3004.50501672241,0.874429917908179,0.533470308604439,28.494030729097,62.6205903344482,5078.73243451505,313.502886162069,5.52842809364549,11.1371237458194,6.72909698996656,13679.1939799331,5991.85618729097
284,"d","p","a","s","t",3,4,225,11,4,28,"r",2994.37123745819,0.862876254180602,0.531670987534205,23.243359458194,47.7546439364548,4206.03403883612,292.933842017182,6.95317725752508,8.63879598662207,7.68896321070234,8578.36120401338,3512.54515050167
285,"d","p","a","s","t",3,4,225,33,4,28,"r",8190.27759197324,0.814330596939293,0.484746527820006,63.1610225585284,79.5391926989967,4634.17106457191,294.821510210169,5.8628762541806,9.83277591973244,7.80936454849498,29773.0869565217,7550.11036789298
286,"d","p","a","s","t",3,4,625,31,12,78,"r",7473.24080267559,0.825008091487755,0.470844288704283,86.5799906688963,1774.84762318395,12805.3019435452,839.697248085616,6.56521739130435,9.95986622073579,6.90301003344482,757580.946488294,108060.959866221
287,"d","p","a","s","t",3,4,225,33,4,28,"d",2294.1872909699,0.295733252254991,0.135782852133374,102.122123565217,40.9095483177258,3188.60689887625,337.022962759336,7.79264214046823,8.66220735785953,7.08695652173913,12225.9464882943,3236.10367892977
288,"d","p","a","s","t",3,4,625,31,12,78,"r",8573.61204013378,0.881648505771928,0.540172113604488,123.32890790301,130.255708688963,13222.0770924749,787.394554503401,5.63210702341137,11.2341137123746,6.67558528428094,44693.7892976589,10455.5016722408
289,"d","p","a","s","t",3,4,625,31,12,78,"d",2718.90301003344,0.423454525838818,0.171301837630812,191.777917197324,132.697376234114,9959.62359516388,1202.84803994052,8.47826086956522,8.54849498327759,6.47491638795987,47400.0903010033,8523.14046822742
290,"d","p","a","s","t",3,4,225,11,4,28,"d",1263.21070234114,0.652782000608088,0.224291629674673,86.3886196421405,51.9500217625418,3715.90068411706,421.514666710801,8.39130434782609,8.44816053511706,6.561872909699,11775.0903010033,4258.39464882943
291,"d","p","a","s","t",3,4,625,31,12,78,"r",8695.95652173913,0.879275002697163,0.547880309634265,131.859892635452,126.343736494983,11973.8475904916,808.712271139456,5.60869565217391,10.4046822742475,7.12040133779264,34069.1672240803,10447.7090301003
292,"d","p","a","s","t",3,4,625,31,12,78,"d",2470.03010033445,0.399072176070774,0.155621840975294,166.146343023411,131.047958939799,13021.5926391171,1136.04288981655,7.87625418060201,8.89297658862876,6.73244147157191,49370.1371237458,10548.5852842809
293,"d","p","a","s","t",3,4,225,11,4,28,"d",1101.75585284281,0.537853450896929,0.195624222864092,50.506649270903,52.4461677759197,3055.77489374582,430.499050301115,8.16722408026756,7.76254180602007,7.64214046822742,24997.4046822742,1428.63879598662
294,"d","p","a","s","t",3,4,225,11,4,28,"d",1416.07692307692,0.599878382487078,0.251434071146245,60.1074053979933,29.0470901270903,4024.61450883612,379.908466132353,8.06688963210702,8.83277591973244,6.60869565217391,10534.6789297659,2252.09030100334
295,"d","p","a","s","t",3,4,625,31,12,78,"r",7712.53177257525,0.821339950372208,0.485920586039486,121.895934698997,242.31374719398,14030.4178180602,883.515608347079,5.95986622073579,10.7324414715719,6.8494983277592,59051.474916388,23962.3678929766
296,"d","p","a","s","t",3,4,225,11,4,28,"r",2787.67558528428,0.856491334752204,0.494970763757981,38.569509729097,505.819489003344,4612.32741256856,300.263287854671,6.49498327759197,10.8260869565217,6.18729096989967,213828.81270903,32896.9030100334
297,"d","p","a","s","t",3,4,225,11,4,28,"r",2814.52842809365,0.882031012465795,0.499738667376102,34.0427357257525,35.1639510167224,4126.03529951171,323.775010824138,6.26755852842809,9.438127090301,7.06020066889632,12059.4615384615,2822.07023411371
298,"d","p","a","s","t",3,4,225,11,4,28,"r",2836.52173913043,0.872301611432046,0.503643725752508,34.3628634916388,103.402598083612,4811.47138201003,337.094010852234,6.44147157190635,9.87959866220736,7.02675585284281,13585.4983277592,8156.06688963211
299,"d","p","a","s","t",3,4,225,33,4,28,"r",8134.27759197324,0.822742474916388,0.481432133677916,69.4907813913044,95.3978230167224,4160.33607425418,295.979384277397,5.98996655518395,9.55518394648829,7.23076923076923,11730.5886287625,5997.38795986622
300,"d","p","a","s","t",3,4,225,33,4,28,"d",570.822742474916,0.120705381574947,0.0337844760312152,84.8183272976589,43.1439690535117,3357.71927213712,541.118958973783,7.78260869565217,7.92976588628763,7.92307692307692,18040.27090301,2720.90635451505
301,"d","p","a","s","t",3,4,625,31,12,78,"d",2445.01672240803,0.389793936778509,0.154045899126119,176.085937906355,82.70370590301,9274.1226349097,1425.86018294068,8.17725752508361,7.21404682274247,7.93979933110368,33351.1471571906,5134.27424749164
302,"d","p","a","s","t",3,4,225,11,4,28,"r",2498.56856187291,0.83399209486166,0.443637841593189,35.7312075986622,278.457076525084,4682.39532774916,333.288394383275,5.97324414715719,10.5785953177258,7.01672240802676,91159.3411371237,27014.0434782609
303,"d","p","a","s","t",3,4,225,11,4,28,"r",2977.62876254181,0.853754940711462,0.528698244451201,23.3917518829431,63.4163679364548,4250.41257928428,306.73967232069,5.90635451505017,10.1638795986622,6.95317725752508,10365.9096989967,4806.69565217391
304,"d","p","a","s","t",3,4,225,33,4,28,"d",1808.02006688963,0.263099219620959,0.107008749670619,69.3903468428094,481.946278832776,3988.69228765886,334.714495060377,7.44147157190635,8.24080267558528,7.91638795986622,131870.16722408,68424.3913043478
305,"d","p","a","s","t",3,4,225,11,4,28,"d",1048.95317725753,0.501368197020371,0.186248750380055,53.7910803277592,37.3727851571906,3570.17573510702,362.25967642623,7.40802675585284,9.79264214046823,6.48494983277592,15729.5986622074,2341.99665551839
306,"d","p","a","s","t",3,4,625,31,12,78,"d",3088.70903010033,0.468766857266156,0.194601108425936,184.333502953177,108.284600558528,12720.8663509164,1366.26690462182,7.18394648829431,8.81605351170569,7.438127090301,41384.9632107023,8312.13377926421
307,"d","p","a","s","t",3,4,625,31,12,78,"r",8721.72240802676,0.874204337037437,0.549503664149315,115.067932692308,93.8773707491639,11952.9045381605,816.691575908163,6.33779264214047,10.0033444816054,6.98996655518395,34478.618729097,7446.57190635451
308,"d","p","a","s","t",3,4,225,33,4,28,"r",7282.5016722408,0.796696057565623,0.431019260261478,63.1714162809365,37.2539776521739,4308.86073326421,302.817967835616,6.0066889632107,10.0167224080268,7.05016722408027,10272.7224080268,3777.02006688963
309,"d","p","a","s","t",3,4,225,11,4,28,"r",2806.70568561873,0.867132867132867,0.498349685010642,32.8674355785953,128.524508337793,4882.12157669231,321.467363841379,5.23076923076923,11.3478260869565,6.80602006688963,24991.7558528428,12084.5016722408
310,"d","p","a","s","t",3,4,625,31,12,78,"d",3475.92976588629,0.511166253101737,0.218997575682382,125.635760083612,230.442268076923,11994.6426560602,1100.41527015523,7,9.03678929765886,6.91973244147157,98070.7558528428,11261.6923076923
311,"d","p","a","s","t",3,4,225,33,4,28,"r",8039.3143812709,0.824870781392521,0.475811679335158,79.6302403946488,60.6768129197324,4988.3139366388,291.494190329932,6.74581939799331,10.0066889632107,6.73244147157191,13121.8060200669,6985.23745819398
312,"d","p","a","s","t",3,4,225,33,4,28,"r",7947.29765886288,0.8169656430526,0.470365614472484,58.801825993311,33.7334339698997,4579.4537973612,288.281082658784,5.88294314381271,10.5150501672241,7.13377926421405,13198.7391304348,2557.9397993311
313,"d","p","a","s","t",3,4,225,11,4,28,"d",1359.11371237458,0.594405594405594,0.241319865612648,87.5579253478261,40.4918408628763,3059.35413573913,380.648012985019,8.19732441471572,8.49163879598662,6.65886287625418,18895.2642140468,1368.7491638796
314,"d","p","a","s","t",3,4,225,33,4,28,"d",500.488294314381,0.141684402553968,0.0296216930171278,109.533438438127,74.946337632107,2467.88958595652,446.067739805825,8.67892976588629,7.9933110367893,6.8695652173913,23820.7157190635,6546.34448160535
315,"d","p","a","s","t",3,4,225,11,4,28,"r",2865.65551839465,0.861660079051383,0.508816634539374,30.9895028963211,78.2871742240803,4456.91193912375,307.332735397213,6.59531772575251,10.1739130434783,6.55183946488294,27811.1337792642,7595.25418060201
316,"d","p","a","s","t",3,4,225,11,4,28,"r",2500.36454849498,0.89936150805716,0.443956729705078,30.6198654080268,207.280504889632,4756.9097834816,355.701220295533,7.32775919732441,9.24080267558528,7.04682274247492,38303.2809364549,18295.7123745819
317,"d","p","a","s","t",3,4,225,33,4,28,"d",2208.92976588629,0.306982872200263,0.130736835410966,100.641786799331,158.865122896321,3340.83110976589,467.387061110048,7.61204013377926,8.4180602006689,7.62876254180602,53284.381270903,13399.8428093645
318,"d","p","a","s","t",3,4,225,33,4,28,"d",1484.6220735786,0.217695348130131,0.0878682437417655,100.969080886288,231.996119441472,2706.87083206355,422.359406168498,7.5819397993311,8.63545150501672,7.50167224080268,112653.200668896,4831.64882943144
319,"d","p","a","s","t",3,4,625,31,12,78,"d",2581.18394648829,0.408134642356241,0.162624983169705,134.27552964214,88.0537595083612,12199.1769827291,1306.86118163374,7.51170568561873,9.26421404682274,6.82274247491639,34899.7123745819,6606.80602006689
320,"d","p","a","s","t",3,4,225,11,4,28,"r",2610.88294314381,0.855275159622986,0.46358002493159,32.2474859264214,136.027663351171,5310.74488486956,342.592944747405,5.90301003344482,10.9264214046823,6.64548494983278,16159.72909699,10427.0869565217
321,"d","p","a","s","t",3,4,225,11,4,28,"d",1024.44481605351,0.480693219823655,0.181897119185163,86.0886513979933,23.547050916388,3477.64779688629,475.235895438849,8.27090301003344,8.4314381270903,6.87959866220736,9914.91638795987,1364.98996655518
322,"d","p","a","s","t",3,4,625,31,12,78,"r",7986.04347826087,0.845938073147049,0.503152925666199,150.815638963211,126.415492632107,13011.1936725017,792.237110628866,6.87625418060201,10.1739130434783,6.48160535117057,37622.7157190635,12933.474916388
323,"d","p","a","s","t",3,4,225,33,4,28,"r",6794.88963210702,0.75078544643762,0.402159647714604,55.8679483043478,74.5423412240803,5177.52947932776,314.245978298969,5.93979933110368,10.9030100334448,6.69565217391304,14023.2775919732,6613.01672240803
324,"d","p","a","s","t",3,4,225,11,4,28,"d",1496.26421404682,0.674065065369413,0.265671870173305,74.5819544715719,74.3165822006689,3627.95062270569,459.221867115108,7.4247491638796,9.16053511705686,6.98327759197324,22032.7056856187,7309.19732441472
325,"d","p","a","s","t",3,4,225,11,4,28,"d",1575.86287625418,0.744603222864092,0.279805155670417,69.6964775919732,103.655119464883,3277.78824553846,352.903057586331,7.88963210702341,9.10702341137124,6.62541806020067,17032.0033444816,7744.60535117057
326,"d","p","a","s","t",3,4,625,31,12,78,"r",8271.86622073579,0.857266156003884,0.521160910993635,135.347044735786,83.0908688561873,14273.4890646722,808.622681109589,6.18060200668896,10.4180602006689,6.63210702341137,32011.1638795987,6199.83946488294
327,"d","p","a","s","t",3,4,225,33,4,28,"d",904.52508361204,0.178271004357961,0.0535348535522449,115.10332364214,37.5482593812709,3528.77737595987,525.140159203791,7.95986622073579,7.83946488294314,7.77591973244147,15294.9264214047,2895.127090301
328,"d","p","a","s","t",3,4,225,11,4,28,"r",2518.67558528428,0.845241714806932,0.447207980237154,31.1192725384615,187.126077374582,4827.39466145485,343.958313777778,5.92976588628763,11.0702341137124,6.61204013377926,27231.0133779264,18115.3143812709
329,"d","p","a","s","t",3,4,625,31,12,78,"d",4053.08361204013,0.568993418923293,0.255360595749272,174.040371705686,831.19366590301,12486.8034720502,1252.47981954839,7.58862876254181,9.24749163879599,6.51170568561873,294959.518394649,82361.2040133779
330,"d","p","a","s","t",3,4,225,33,4,28,"r",7182.75919732441,0.77733860342556,0.425115941522246,75.1699692274247,94.5489714080268,4597.48833959866,303.296434819728,5.34782608695652,12.1036789297659,6.10367892976589,32225.1672240803,8588.28428093646
331,"d","p","a","s","t",3,4,225,33,4,28,"d",1916.8127090301,0.311948920644573,0.113447707915273,73.5994961204013,69.2713075852843,3864.59583986622,481.191719242537,6.92307692307692,9.31772575250836,6.72240802675585,19339.3277591973,4437.90635451505
332,"d","p","a","s","t",3,4,625,31,12,78,"r",8856.69565217391,0.879814435214155,0.558007522278563,122.133738846154,520.068920719063,15218.6541461639,677.100880856164,6.21070234113712,9.33110367892977,7.60869565217391,107853.705685619,53533.3177257525
333,"d","p","a","s","t",3,4,225,33,4,28,"r",7943.86622073579,0.829735481909395,0.470162522347218,68.9804140200669,856.039153505017,4560.89536692642,277.048596644068,6.50836120401338,9.92307692307692,7.16387959866221,371895.973244147,50338.5351170569
334,"d","p","a","s","t",3,4,225,33,4,28,"r",9591.82608695652,0.879395966352488,0.567698025134286,58.1930328595318,58.0107384916388,4953.22277990301,261.28840679322,6.02675585284281,8.96655518394649,8.4247491638796,17428.8595317726,6285.91973244147
335,"d","p","a","s","t",3,4,225,11,4,28,"r",2727.40802675585,0.871997567649742,0.484269847370021,18.9997295785953,84.5432818662207,4557.63234174247,324.540146460751,6.48494983277592,10.304347826087,6.79264214046823,13654.7591973244,5966.10702341137
336,"d","p","a","s","t",3,4,625,31,12,78,"d",1918.66889632107,0.334016614521523,0.120883863523573,180.47377367893,223.421985632107,10759.0448953278,1331.09736882988,7.95652173913043,8.20401337792642,7.41471571906354,80603.7692307692,18080.2240802676
337,"d","p","a","s","t",3,4,225,33,4,28,"d",1478.11371237458,0.217289956420391,0.0874830421607378,107.152258217391,34.6076501070234,3547.70320293645,459.536990613281,8.06020066889632,8.66889632107023,6.92642140468227,14149.4147157191,2278.63879598662
338,"d","p","a","s","t",3,4,225,11,4,28,"d",1390.74581939799,0.603526907874734,0.246936363940407,78.7217155618729,24.3057648829431,3728.32412686288,381.249318886275,7.16722408026756,10.2842809364548,6.17391304347826,11469.2642140468,752.819397993311
339,"d","p","a","s","t",3,4,225,11,4,28,"d",1352.78929765886,0.639708117968988,0.240196923989054,70.455109993311,59.6955014849498,2652.06867903344,307.702012457249,9.06688963210702,7.09698996655518,7.24080267558528,12339.2474916388,4691.66555183946
340,"d","p","a","s","t",3,4,625,31,12,78,"r",8616.58528428094,0.868917898370914,0.542879601143597,113.829081675585,112.257701006689,15413.2770754682,773.565102736301,5.69230769230769,10.2307692307692,7.52508361204013,31052.6755852843,10178.4147157191
341,"d","p","a","s","t",3,4,225,33,4,28,"d",2111.15050167224,0.286206547076112,0.124949708726057,94.7420223411371,25.702295,3607.95332050836,563.904096884462,7.48160535117057,8.88628762541806,7.18394648829431,9601.54849498328,1879.69230769231
342,"d","p","a","s","t",3,4,625,31,12,78,"d",4044.59531772575,0.549250188801381,0.254825798036466,163.143253143813,101.459552257525,14668.5434974281,1325.7947575979,7.27090301003344,9.79598662207358,6.51170568561873,36091.9397993311,8328.54849498328
343,"d","p","a","s","t",3,4,225,11,4,28,"d",1120.91638795987,0.577379142596534,0.199026308300395,77.4896110602007,29.4166488494983,4032.92744652843,466.543509596774,8.1505016722408,8.41471571906355,7,12310.7658862876,2001.46488294314
344,"d","p","a","s","t",3,4,625,31,12,78,"r",7927.8093645485,0.839141223432949,0.499483940662423,118.534122351171,1327.80280580936,13317.0573260502,768.288952687075,6.04013377926421,10.8729096989967,6.63210702341137,316562.431438127,163370.742474916
345,"d","p","a","s","t",3,4,225,33,4,28,"r",7914.38127090301,0.79477044694436,0.468417437417655,64.1615214113712,193.559337979933,4481.15781075251,325.329442303754,6.35785953177258,9.98996655518395,7.18729096989967,35460.9431438127,26862.6120401338
346,"d","p","a","s","t",3,4,225,11,4,28,"r",2715.64882943144,0.846153846153846,0.482181920948617,31.4835258628763,65.9418499866221,4156.11625946823,313.015881167832,6.37458193979933,10.2173913043478,6.67892976588629,9537.2474916388,3790.86287625418
347,"d","p","a","s","t",3,4,625,31,12,78,"r",8374.05016722408,0.866652281799547,0.527598911209408,153.963538521739,865.131551361204,12950.883876796,782.795425067797,6.61538461538461,10.1304347826087,6.80602006688963,244922.441471572,99195.0869565217
348,"d","p","a","s","t",3,4,225,33,4,28,"r",6927.6856187291,0.783419479071653,0.410019255903517,85.0853237491639,63.8774491438127,4628.49530289967,310.633951269625,7.07692307692308,9.34113712374582,7.10702341137124,11561.7157190635,5849.69565217391
349,"d","p","a","s","t",3,4,225,33,4,28,"r",6730.5016722408,0.745515354211006,0.398348805209283,64.6876801337793,84.7965871137124,4767.67237751839,304.751467576271,6.2876254180602,10.1404682274247,7.16387959866221,21783.6956521739,9500.24080267559
350,"d","p","a","s","t",3,4,225,33,4,28,"d",2133.83612040134,0.284889024019459,0.126292369311848,94.2066950334448,59.3620397123746,3013.33269708696,541.473176029197,7.46822742474916,8.20735785953177,7.96321070234114,27110.2742474916,2085.35117056856
351,"d","p","a","s","t",3,4,225,11,4,28,"r",2865.872909699,0.871693523867437,0.508855231073275,29.5989770468227,42.9098357257525,4931.67770125418,317.727106715278,6.09698996655518,10.2642140468227,7.02675585284281,12132.8294314381,4058.59866220736
352,"d","p","a","s","t",3,4,225,11,4,28,"d",1709.08695652174,0.668592277287929,0.303460000608088,100.988576240803,491.024136026756,2636.39799940468,306.720446842491,8.60200668896321,7.83277591973244,7.03344481605351,192405.782608696,26864.9197324415
353,"d","p","a","s","t",3,4,225,11,4,28,"d",1420.97993311037,0.614776527820006,0.252304635147461,65.8526883913043,968.316876157191,3063.00015637124,364.071613812274,7.57190635451505,9.75919732441472,6.27759197324415,285160.591973244,174914.866220736
354,"d","p","a","s","t",3,4,225,11,4,28,"d",1353.81939799331,0.669200364852539,0.240379823654606,80.8167412508361,31.950805638796,3394.51080380602,372.819321467626,7.53511705685619,8.47157190635452,6.92976588628763,11995.6220735786,2488.79598662207
355,"d","p","a","s","t",3,4,625,31,12,78,"r",8417.22408026756,0.883051030316107,0.53031904164419,137.810765070234,92.5383108528428,9631.6358822107,834.472809399317,6.46153846153846,9.79598662207358,7.29765886287625,37829.5016722408,6141.47826086957
